min,1st_quantile,mean,median,3rd_quantile,max
1135.9407,4732.628225,13396.39949940075,9447.3824,16909.822724999998,62592.87309
2541.17331,10078.84255,25161.020212921347,21931.95,38794.239705,72189.23768
