min,1st_quantile,mean,median,3rd_quantile,max
16.815,25.8,30.160355805243448,30.03,33.735,53.13
19.2,27.485,31.056820224719097,30.98,34.84,43.59
