min,1st_quantile,mean,median,3rd_quantile,max
18,25.0,37.835205992509366,37.0,50.0,64
11,33.0,48.77153558052434,50.0,63.0,94
