Model,Test MSE,Test R2,Test Adjusted R2,Test MAE,Test RMSE,Train MSE,Train R2,Train Adjusted R2,Train MAE,Train RMSE
LinearRegression,37855955.9276107,0.7392930434209402,0.7353354425620551,4286.182433076304,6152.719392887238,35841011.93596573,0.7640315520853885,0.7489295714188534,4190.225427296803,5986.736334261409
Lasso,37846790.306879394,0.7393561653532085,0.7353995227020238,4285.733769186005,6151.974504732557,35841156.817076854,0.764030598223623,0.7489285565099348,4190.5091883648565,5986.7484344238865
DecisionTree,43898257.52542379,0.6976808315060985,0.6930915462158684,3420.699316338935,6625.576014613657,0.0,1.0,1.0,0.0,0.0
RandomForest,23894357.40670832,0.8354439863881039,0.8329459823864053,2802.3435479984137,4888.185492256643,3278382.3137573134,0.9784159334666626,0.9770345532085289,1073.8004130086138,1810.6303636461291
