Model,Test MSE,Test R2,Test Adjusted R2,Test MAE,Test RMSE,Train MSE,Train R2,Train Adjusted R2,Train MAE,Train RMSE
LinearRegression,99687264.55782568,0.31347227362955576,0.3043705802875234,8036.871751572033,9984.350983305108,49559747.467169374,0.8329977051537992,0.8237197998845659,5508.993835466199,7039.868426836497
Lasso,99868457.05005175,0.3122244344970937,0.30310619783322934,8046.155849890773,9993.420688135357,49559792.00140167,0.8329975550860653,0.8237196414797356,5508.766396189743,7039.871589837536
DecisionTree,142595767.75286117,0.017969359881140234,0.004950014273503722,7958.822265330532,11941.346982349234,0.0,1.0,1.0,0.0,0.0
RandomForest,110210945.05719207,0.2409976352860781,0.23093510393570416,7624.201859151537,10498.140076089292,6528909.141965578,0.9779994276550161,0.9767771736358504,1840.0775331116126,2555.173016053038
