Model,Test MSE,Test R2,Test Adjusted R2,Test MAE,Test RMSE,Train MSE,Train R2,Train Adjusted R2,Train MAE,Train RMSE
LinearRegression,50204458.83881169,0.654251191131092,0.6490026323626835,5402.046045216781,7085.51048540694,54137306.105602235,0.7909163291222787,0.7844456545883454,5394.268298113774,7357.805794229842
Lasso,50167363.02037435,0.6545066631615725,0.6492619825264541,5400.250785024967,7082.892277902746,54137462.254509546,0.7909157260596387,0.7844450328622581,5394.144767854246,7357.816405327708
DecisionTree,64237716.980508186,0.5576067416287196,0.5508910944428178,4880.964657039215,8014.843540613141,0.0,1.0,1.0,0.0,0.0
RandomForest,39371654.58766312,0.7288547074954428,0.7247386499242161,4525.385149522503,6274.683624507544,7339098.853423245,0.9716556688983566,0.9707784748990794,1894.6025877752816,2709.077122088488
