min,1st_quantile,mean,median,3rd_quantile,max
16.815,25.8,30.160355805243448,30.03,33.735,53.13
20.5,30.1,34.587265917603,33.8,38.25,52.2
