min,1st_quantile,mean,median,3rd_quantile,max
18,25.0,37.835205992509366,37.0,50.0,64
17,24.0,35.655430711610485,36.0,47.0,56
