min,1st_quantile,mean,median,3rd_quantile,max
1135.9407,4732.628225,13396.39949940075,9447.3824,16909.822724999998,62592.87309
2012.85,3512.85,9099.042359550562,6012.85,14092.11,31092.11
