Model,Test MSE,Test R2,Test Adjusted R2,Test MAE,Test RMSE,Train MSE,Train R2,Train Adjusted R2,Train MAE,Train RMSE
LinearRegression,37855955.9276107,0.7392930434209402,0.7353354425620551,4286.182433076304,6152.719392887238,35841011.93596573,0.7640315520853885,0.7489295714188534,4190.225427296803,5986.736334261409
Lasso,37846790.306879394,0.7393561653532085,0.7353995227020238,4285.733769186005,6151.974504732557,35841156.817076854,0.764030598223623,0.7489285565099348,4190.5091883648565,5986.7484344238865
DecisionTree,38950559.940765366,0.731754708331094,0.7276826735429512,3061.7214585331467,6241.038370396817,0.0,1.0,1.0,0.0,0.0
RandomForest,24622512.7025253,0.8304293157388571,0.8278551877045324,2854.1002451740437,4962.107687518007,3316698.9540487775,0.9781636660877439,0.9767661407173595,1059.5870008426975,1821.1806483841128
