Model,Test MSE,Test R2,Test Adjusted R2,Test MAE,Test RMSE,Train MSE,Train R2,Train Adjusted R2,Train MAE,Train RMSE
LinearRegression,39963155.97403559,0.7247811470087298,0.7206032517071546,4597.903866631376,6321.641873282256,24376733.560267415,0.7662748449207988,0.7590415712626417,3441.780793581195,4937.279975884233
Lasso,39939601.986258335,0.7249433589597488,0.7207679260786823,4596.448913900012,6319.778634276547,24376792.97782356,0.7662742752227508,0.7590409839337063,3442.13601305141,4937.285993116417
DecisionTree,42336626.54371703,0.7084354948229847,0.7040094681789313,3607.269996880486,6506.660168144409,1.868514258224887e-26,1.0,1.0,2.767657098091776e-14,1.3669360841769037e-13
RandomForest,26463487.05493395,0.817750866369507,0.8149842761056665,3016.2403924903842,5144.267397300995,1832506.7067445442,0.9824298479876872,0.9818860908654492,706.6789319086117,1353.7011142584408
