Model,Test MSE,Test R2,Test Adjusted R2,Test MAE,Test RMSE,Train MSE,Train R2,Train Adjusted R2,Train MAE,Train RMSE
LinearRegression,188080685.38895357,-0.29527684290477096,-0.3112074001022753,9673.02007986857,13714.251178571638,5938344.803399419,0.8749045572397609,0.8684767281651241,1934.4131495594384,2436.8719300364187
Lasso,187915668.5236218,-0.29414040231858873,-0.3100569824795554,9664.863125945601,13708.23360333569,5938413.603953874,0.8749031079073111,0.8684752043610464,1934.265593140029,2436.886046567191
DecisionTree,181542753.87118563,-0.250251319534579,-0.26562810965184425,8749.6573754986,13473.7802368595,8.539013345877463e-26,1.0,1.0,1.0644834992660676e-13,2.9221590213192474e-13
RandomForest,176967840.2692523,-0.21874473694945218,-0.23373402888922779,8359.999944686278,13302.926004050849,180052.45009299388,0.9962070675061584,0.9960121737416527,245.41346966291988,424.32587723705217
