min,1st_quantile,mean,median,3rd_quantile,max
10000032,10007795.0,10018952.285124492,10016810.0,10026255.0,10040025
10421,24391.0,1996159.6666666667,50125.0,89459.0,10000010
