min,1st_quantile,mean,median,3rd_quantile,max
-780.0,4.0,68.10917943343496,15.4,50.0,113889.0
-884.0,11.149999999999999,30.131372549019606,34.8,80.15,225.0
