min,1st_quantile,mean,median,3rd_quantile,max
26,52.0,59.1375762195122,59.0,70.0,91
21,42.5,56.450980392156865,56.0,69.5,89
