Model,Test MSE,Test R2,Test Adjusted R2,Test MAE,Test RMSE,Train MSE,Train R2,Train Adjusted R2,Train MAE,Train RMSE
LinearRegression,1.1085821479660195e+18,-1156713184193.1626,-1201945005842.7825,811104987.1212239,1052892277.4747754,1201540.7749384723,0.09003880747409487,-0.07122702863496033,87.9686667024283,1096.1481537358316
Lasso,958588.8895172898,-0.00020770563651373308,-0.0393195763855656,78.58875575921742,979.075527994286,1212777.3323856012,0.08152904115759274,-0.0812449192444491,87.12695681108588,1101.2617002264271
DecisionTree,959011.3581268324,-0.0006485164609193461,-0.03977762456566425,72.17636993569968,979.2912529614631,1201540.7695830364,0.09003881152991966,-0.07122702386035096,87.96678435815116,1096.1481512929886
RandomForest,959483.9619615852,-0.0011416392191763158,-0.04029003027232858,70.59707356962329,979.5325221561483,1202806.6044355289,0.08908015859367302,-0.07235557191802933,86.81291497725759,1096.7254006521089
