Model,Test MSE,Test R2,Test Adjusted R2,Test MAE,Test RMSE,Train MSE,Train R2,Train Adjusted R2,Train MAE,Train RMSE
LinearRegression,961170.3892409819,-0.0029012856935866083,-0.04640021819765905,88.21985684922457,980.3929769439303,1197661.1507638702,0.09009124885732545,-0.09070270306218897,87.68275106379278,1094.3770605983434
Lasso,958582.4359814966,-0.00020097190915735474,-0.04358278344756328,78.61503950082664,979.072232259447,1208986.7337750588,0.08148677246840641,-0.10101684241302289,86.99547747982375,1099.5393279801585
DecisionTree,959189.9920746678,-0.0008349061145729308,-0.044244213341344985,71.93477543168714,979.3824544449772,1197661.1507638702,0.09009124885732545,-0.09070270306218897,87.68275105632999,1094.3770605983434
RandomForest,959342.9430463716,-0.000994497720688381,-0.044410726929315913,70.75211801179566,979.4605367478424,1199322.3681721801,0.08882915877749964,-0.0922155636208386,87.2237895453136,1095.1357761356262
