Model,Test MSE,Test R2,Test Adjusted R2,Test MAE,Test RMSE,Train MSE,Train R2,Train Adjusted R2,Train MAE,Train RMSE
LinearRegression,985651.632706463,-0.028445425236105493,-0.03279122335910345,163.9545432223781,992.7998956015573,1.6741819449676722e-22,1.0,1.0,7.641466979876832e-12,1.293901829725761e-11
Lasso,958809.3703047443,-0.00043775898364573074,-0.0046652079357076826,80.54983100136477,979.1881179348248,1146.3507974881104,0.9480194060517105,1.0120885102205324,30.09837831512826,33.857802608676636
DecisionTree,963847.1927388054,-0.0056943073051203275,-0.009943968323343988,135.44466399911082,981.7571964283254,0.0,1.0,1.0,0.0,0.0
RandomForest,960933.0298320929,-0.0026536209100989083,-0.006890433206451663,121.62435689674335,980.2719162722622,3579.735846705882,0.8376790107378238,1.0377490672702736,25.840235294117644,59.83089374817897
