min,1st_quantile,mean,median,3rd_quantile,max
18,27.0,39.357009345794395,39.5,51.0,64
20,29.0,39.861702127659576,39.5,50.0,62
