min,1st_quantile,mean,median,3rd_quantile,max
1121.8739,4897.6673875,13346.089736364485,9575.4421,16746.6574,62592.87309
4321.198,14515.137999999999,19397.40484042553,19373.918,24758.037,34090.671
