min,1st_quantile,mean,median,3rd_quantile,max
15.96,26.205,30.560397196261682,30.21,34.49625,53.13
24.119,29.299750000000003,32.824148936170204,33.016,36.432,42.409
