Model,Test MSE,Test R2,Test Adjusted R2,Test MAE,Test RMSE,Train MSE,Train R2,Train Adjusted R2,Train MAE,Train RMSE
LinearRegression,78090599.27767688,0.4969968609256248,0.4691626951270427,7390.117368805219,8836.88855184204,10466623.45354248,0.7840261214425595,0.7457522695463041,2548.899837467558,3235.216137067581
Lasso,78211505.36532177,0.4962180713890977,0.4683408105173482,7397.522406877348,8843.726893415567,10466674.8487526,0.784025060926442,0.7457510210906215,2549.471702500638,3235.2240801453922
DecisionTree,100390027.65006265,0.3533600778220707,0.31757763153554497,8124.109222645524,10019.482404299268,0.0,1.0,1.0,0.0,0.0
RandomForest,86264457.3513578,0.4443467813073314,0.4135991723678162,7957.101134473876,9287.866135521,2221448.105999522,0.9541614575515837,0.9460381715480668,1151.0467970212787,1490.4523159093424
