Model,Test MSE,Test R2,Test Adjusted R2,Test MAE,Test RMSE,Train MSE,Train R2,Train Adjusted R2,Train MAE,Train RMSE
LinearRegression,34490417.11788462,0.7778376880347506,0.7636759470329817,4432.224743137474,5872.8542564825,38715129.150422715,0.7220932776571316,0.7182166363690009,4550.003198124283,6222.148274544951
Lasso,34495404.46829769,0.7778055631319244,0.763641774327585,4432.551546833123,5873.278851569853,38715297.749350876,0.722092067412544,0.7182154092421871,4549.629518104274,6222.161822819371
DecisionTree,54791510.21137736,0.6470727349274302,0.6245753793849557,3899.393628597015,7402.128762145208,224515.7415713945,0.9983883707681289,0.9983658894536477,27.18435687285223,473.83092086882056
RandomForest,21248042.11704099,0.8631354864360556,0.8544110552925372,2758.3795437749377,4609.559861531358,4463643.245607028,0.9679588705677613,0.9675119149697528,1292.2530845068652,2112.733595512465
