Model,Test MSE,Test R2,Test Adjusted R2,Test MAE,Test RMSE,Train MSE,Train R2,Train Adjusted R2,Train MAE,Train RMSE
LinearRegression,33756429.70235286,0.7825655038982293,0.7687051376128575,4214.909953083681,5810.028373627177,37063047.44038619,0.7432126559011109,0.7393108539015076,4207.624479299154,6087.942792141381
Lasso,33759238.75017125,0.7825474100446346,0.7686858903662048,4216.093475063232,5810.270109914964,37063178.449749075,0.7432117482168089,0.7393099324252315,4207.862347750954,6087.95355187185
DecisionTree,54712819.37865171,0.6475796043360851,0.6251145591941623,3663.5377025149255,7396.811433222541,244239.55438233944,0.9983078124756305,0.998282100224548,29.572515327102803,494.20598375812835
RandomForest,21449356.697824907,0.8618387635652824,0.8530316727965355,2520.688381694621,4631.345020382838,3466088.45428335,0.9759855783575585,0.9756206868606173,1030.0200767489566,1861.7433910943125
