min,1st_quantile,mean,median,3rd_quantile,max
0.0,0.0,0.0,0.0,0.0,0.0
0.00321,0.04567,0.4169124747474748,0.515,0.79,0.97
