min,1st_quantile,mean,median,3rd_quantile,max
0.1,47.050000000000004,232.399,97.5,172.65,6169.8
0.0,27.825,253.3058132828283,123.45,220.54999999999998,1250.5
