min,1st_quantile,mean,median,3rd_quantile,max
0.0,40.635000000000005,55.81925000000001,56.144999999999996,69.54249999999999,100.0
0.10989,0.435,9.769285959595958,0.64,0.7891,910.0
