min,1st_quantile,mean,median,3rd_quantile,max
0.0,0.0,0.0,0.0,0.0,0.0
0.0,0.301,0.6610073469387754,0.30103,1.386,1.792
