min,1st_quantile,mean,median,3rd_quantile,max
16.815,25.8,30.160355805243448,30.03,33.735,53.13
20.6,28.25,31.363295880149813,31.6,34.5,41.1
