min,1st_quantile,mean,median,3rd_quantile,max
18,25.0,37.835205992509366,37.0,50.0,64
17,31.0,43.22097378277154,43.0,55.0,68
