min,1st_quantile,mean,median,3rd_quantile,max
1135.9407,4732.628225,13396.39949940075,9447.3824,16909.822724999998,62592.87309
2135.12,16239.21,20655.584269662922,20135.62,24135.62,42119.51
