Model,Test MSE,Test R2,Test Adjusted R2,Test MAE,Test RMSE,Train MSE,Train R2,Train Adjusted R2,Train MAE,Train RMSE
LinearRegression,37855955.9276107,0.7392930434209402,0.7353354425620551,4286.182433076304,6152.719392887238,35841011.93596573,0.7640315520853885,0.7489295714188534,4190.225427296803,5986.736334261409
Lasso,37846790.306879394,0.7393561653532085,0.7353995227020238,4285.733769186005,6151.974504732557,35841156.817076854,0.764030598223623,0.7489285565099348,4190.5091883648565,5986.7484344238865
DecisionTree,42999539.647776686,0.7038701350638428,0.6993748050458366,3350.8087837432304,6557.4034226800995,0.0,1.0,1.0,0.0,0.0
RandomForest,24300013.387377985,0.8326503087871284,0.8301098960172936,2826.1688554233424,4929.504375429439,3426436.1664992957,0.9774411831470644,0.9759974188684766,1086.5689073842702,1851.0635230859302
