Model,Test MSE,Test R2,Test Adjusted R2,Test MAE,Test RMSE,Train MSE,Train R2,Train Adjusted R2,Train MAE,Train RMSE
LinearRegression,56757334.42135264,0.6091227507548325,0.6031891302729324,5080.443268187923,7533.746373574879,37245098.550800756,0.659449090770591,0.6489097976416345,4226.960786418705,6102.87625229291
Lasso,56740510.42101907,0.6092386145288933,0.6033067528898632,5078.107786442771,7532.629714848532,37245362.48966462,0.6594466774431045,0.6489073096270304,4225.498750341222,6102.897876391561
DecisionTree,58764396.947080925,0.5953004828996213,0.5891570367197294,4122.685988579832,7665.793954123795,2.726288161223462e-25,1.0,1.0,7.493963834833116e-14,5.22138694335467e-13
RandomForest,36175110.0877806,0.7508687173840711,0.7470868383310778,3589.726077694303,6014.574805236078,3898096.16200473,0.9643577210455296,0.9632546717935537,1162.8194546702296,1974.3596840506875
