Model,Test MSE,Test R2,Test Adjusted R2,Test MAE,Test RMSE,Train MSE,Train R2,Train Adjusted R2,Train MAE,Train RMSE
LinearRegression,107852238.00964789,0.257241613829447,0.24739443825521612,8765.074275285431,10385.193210029744,10204481.068420578,0.7480220234733632,0.7340232469996613,2448.001581063719,3194.445345974881
Lasso,107774485.16392991,0.2577770832760845,0.2479370067286083,8754.119056089447,10381.449087864848,10204666.72294576,0.7480174391293604,0.7340184079698804,2447.4065375831665,3194.4744048036696
DecisionTree,148079031.80212826,-0.019792863984963605,-0.03331284513627941,9513.709321530347,12168.772814138994,8.67455324025647e-25,1.0,1.0,2.5888238702150764e-13,9.313728168814284e-13
RandomForest,142190726.34191468,0.020758805054266305,0.0077764407273341885,10155.99482358637,11924.375301956688,657993.6917599302,0.9837522439499591,0.9828495908360679,464.5385561797795,811.1681032683239
