min,1st_quantile,mean,median,3rd_quantile,max
0.183075671277461,2.33700600271807,3.3762976178367996,3.256633629989985,4.281520706538725,8.60311337649814
4.2,22.025000000000002,24.00638888888889,24.88,27.875,44.3
