min,1st_quantile,mean,median,3rd_quantile,max
0.0,0.0,0.0,0.0,0.0,0.0
0.0,0.301,1.0162699305555556,1.386,1.60944,1.792
