min,1st_quantile,mean,median,3rd_quantile,max
0.733788395904437,0.733788395904437,0.733788395904437,0.733788395904437,0.733788395904437,0.733788395904437
0.02,0.07,0.46618055555555554,0.09,0.11,7.53
