min,1st_quantile,mean,median,3rd_quantile,max
0.1,47.050000000000004,232.399,97.5,172.65,6169.8
0.97,55.3,278.47298611111114,165.16000000000003,327.1975,1892.3
