min,1st_quantile,mean,median,3rd_quantile,max
0.909090909090909,0.909090909090909,0.9090909090909087,0.909090909090909,0.909090909090909,0.909090909090909
0.02,0.12,1.5777777777777777,0.165,0.22,26.34
