Model,Test MSE,Test R2,Test Adjusted R2,Test MAE,Test RMSE,Train MSE,Train R2,Train Adjusted R2,Train MAE,Train RMSE
LinearRegression,0.0006099391952575342,-0.13059252641171826,-0.6636158906131913,0.00839362143374792,0.02469694708374973,0.0,1.0,1.0,0.0,0.0
Lasso,0.0006099391952575342,-0.13059252641171826,-0.6636158906131913,0.00839362143374792,0.02469694708374973,0.0,1.0,1.0,0.0,0.0
DecisionTree,0.0006099391952575342,-0.13059252641171826,-0.6636158906131913,0.00839362143374792,0.02469694708374973,0.0,1.0,1.0,0.0,0.0
RandomForest,0.0006099391952575342,-0.13059252641171826,-0.6636158906131913,0.00839362143374792,0.02469694708374973,0.0,1.0,1.0,0.0,0.0
