Model,Test MSE,Test R2,Test Adjusted R2,Test MAE,Test RMSE,Train MSE,Train R2,Train Adjusted R2,Train MAE,Train RMSE
LinearRegression,0.7304452798324587,-1352.9644291634706,-2290.986395977994,0.25209704380062636,0.8546609151192411,3.4247967032612365e-05,0.9997293891665342,0.9941987802575769,0.0027921246338481155,0.005852176264656795
Lasso,0.08118005085089303,-149.47657127033793,-253.72622975635596,0.0880536437872599,0.28492113093081217,0.018271628926510367,0.8556264455676083,-2.095008073144398,0.08984036682512613,0.13517258940521323
DecisionTree,0.0008140161119605404,-0.5088725888040777,-1.554214403505208,0.009365416275190807,0.028530967595939337,0.0,1.0,1.0,0.0,0.0
RandomForest,0.0010135452829568526,-0.8787228809045995,-2.1802957242431673,0.01717013005167181,0.031836225953414336,0.0001004785755813961,0.9992060670036954,0.9829800613917203,0.004956686046511647,0.010023900218048666
