Model,Test MSE,Test R2,Test Adjusted R2,Test MAE,Test RMSE,Train MSE,Train R2,Train Adjusted R2,Train MAE,Train RMSE
LinearRegression,9950655226017.135,-1.844468517338772e+16,-2.1768542767410324e+16,3022882.694235527,3154465.917713668,7.860973014003097e-05,0.9985599845895081,0.9901941807761744,0.0065539252267283,0.00886621284089385
Lasso,0.07376821936524645,-135.73788821823976,-160.3789847656921,0.24655989629154185,0.27160305477893,0.02984419434092151,0.4532979608492922,-2.7227805523119626,0.14651679063797077,0.1727547230640063
DecisionTree,0.03968102552181443,-72.55334965212973,-85.80816303109549,0.19723137856625209,0.19920096767288664,0.0,1.0,1.0,0.0,0.0
RandomForest,0.06069753744382547,-111.50987432707839,-131.78491814968336,0.24497587856625225,0.24636870224081928,0.00023853625000000162,0.9956303643919262,0.9702448622878784,0.012225000000000034,0.015444618803971875
