min,1st_quantile,mean,median,3rd_quantile,max
1135.9407,4732.628225,13396.39949940075,9447.3824,16909.822724999998,62592.87309
1234.56789,2345.6789,4870.089236516854,4567.89012,7890.12345,9012.34567
