min,1st_quantile,mean,median,3rd_quantile,max
18,25.0,37.835205992509366,37.0,50.0,64
17,30.0,42.89138576779026,40.0,57.5,67
