min,1st_quantile,mean,median,3rd_quantile,max
16.815,25.8,30.160355805243448,30.03,33.735,53.13
19.1,25.1,29.27677902621723,29.2,34.1,39.3
