Model,Test MSE,Test R2,Test Adjusted R2,Test MAE,Test RMSE,Train MSE,Train R2,Train Adjusted R2,Train MAE,Train RMSE
LinearRegression,37855955.9276107,0.7392930434209402,0.7353354425620551,4286.182433076304,6152.719392887238,35841011.93596573,0.7640315520853885,0.7489295714188534,4190.225427296803,5986.736334261409
Lasso,37846790.306879394,0.7393561653532085,0.7353995227020238,4285.733769186005,6151.974504732557,35841156.817076854,0.764030598223623,0.7489285565099348,4190.5091883648565,5986.7484344238865
DecisionTree,43345560.41705016,0.7014871541177814,0.696955649815964,3333.4206900270774,6583.734534217655,0.0,1.0,1.0,0.0,0.0
RandomForest,24137296.828768536,0.8337709075869899,0.8312475058046292,2826.2895414450054,4912.972300834652,3368336.5350871263,0.9778236968962084,0.9764044134975658,1114.2763170812746,1835.3028456053585
