Model,Test MSE,Test R2,Test Adjusted R2,Test MAE,Test RMSE,Train MSE,Train R2,Train Adjusted R2,Train MAE,Train RMSE
LinearRegression,232558618.44884604,-0.6015881294337753,-0.6228213053921776,9498.611497394128,15249.872735496714,6901080.132665043,0.009602356662608669,-0.045419734633913134,2248.8722977717503,2626.9906990061922
Lasso,226709741.49859628,-0.5613079972394945,-0.5820071562938061,9399.61692197533,15056.883525437668,6903584.904899944,0.009242888221313472,-0.04579917354416918,2252.386722820497,2627.467393689205
DecisionTree,240089098.01268274,-0.6534491473518766,-0.6753698746841932,10564.300854865545,15494.80874398528,2311.5087762985636,0.9996682674595004,0.9996498378739171,4.16109029962547,48.07815279623962
RandomForest,221173542.41172948,-0.5231812195743688,-0.5433749099853926,9632.972633028112,14871.9044648535,1018940.1405879625,0.8537684109530148,0.8456444337837379,802.2822218464878,1009.4256488657114
