Model,Test MSE,Test R2,Test Adjusted R2,Test MAE,Test RMSE,Train MSE,Train R2,Train Adjusted R2,Train MAE,Train RMSE
LinearRegression,99834827.24569389,0.3124560367306036,0.302018936718924,6944.397640291165,9991.737949210532,74159334.834968,0.24019400346614195,0.216679697964127,6111.618642466476,8611.581436354649
Lasso,99825172.86577639,0.3125225246568566,0.30208643394956025,6941.466246202996,9991.254819379616,74159594.96011613,0.24019133833102646,0.2166769503490079,6110.056408572165,8611.596539557351
DecisionTree,75369081.01913495,0.48094709930894,0.4730677383876336,4767.756022029879,8681.53678902157,1155.7543881492818,0.9999881586166247,0.9999877921521488,2.080545149812735,33.99638786914401
RandomForest,51323484.42576896,0.6465446691859693,0.6411791233671605,4109.315079112988,7164.041068124118,6456274.521037843,0.9338516707671407,0.9318045271158336,1483.311126962645,2540.920014687169
