min,1st_quantile,mean,median,3rd_quantile,max
0.909090909090909,0.909090909090909,0.9090909090909087,0.909090909090909,0.909090909090909,0.909090909090909
0.90909,0.9090909,0.9090907728648647,0.9090909,0.909090909,0.909090909
