min,1st_quantile,mean,median,3rd_quantile,max
0.183075671277461,2.33700600271807,3.3762976178367996,3.256633629989985,4.281520706538725,8.60311337649814
2.161290322,3.1404593605,3.279980092585586,3.271841,3.4446706584999998,5.193948465
