min,1st_quantile,mean,median,3rd_quantile,max
14.0960163431649,56.96244706420075,64.34199205691206,66.8032719128653,75.4637094285581,88.1581542102099
25.908,45.362734085,51.938912840558565,51.881811,58.43917308,73.34132653
