min,1st_quantile,mean,median,3rd_quantile,max
0.1,47.050000000000004,232.399,97.5,172.65,6169.8
0.4,36.42606,187.1977464954955,85.941366,186.871827,2355.1
