min,1st_quantile,mean,median,3rd_quantile,max
0.0,40.635000000000005,55.81925000000001,56.144999999999996,69.54249999999999,100.0
40.983321,65.124,75.69020863063064,79.531,86.05000000000001,95.456
