min,1st_quantile,mean,median,3rd_quantile,max
0.0,0.0,0.0,0.0,0.0,0.0
0.001215,0.003005,0.0057655255495495505,0.005234,0.007186,0.021421
