Model,Test MSE,Test R2,Test Adjusted R2,Test MAE,Test RMSE,Train MSE,Train R2,Train Adjusted R2,Train MAE,Train RMSE
LinearRegression,0.0019554270169590943,-2.624609122527453,-3.5896397605379313,0.023196922969495028,0.044220210503333135,3.187627692258986e-24,1.0,1.0,1.3623188772641807e-12,1.7853928677629992e-12
Lasso,0.0007658844091896605,-0.41965493586532787,-0.7976296256044324,0.014042870856346335,0.027674616694539068,1.1488988947938534e-05,0.1492783644677873,2.6134375846300584,0.0025174753336027244,0.0033895411117050244
DecisionTree,0.0005596278522876555,-0.03733465940177072,-0.3135188476418618,0.012445683160667955,0.023656454770054947,0.0,1.0,1.0,0.0,0.0
RandomForest,0.0005511944660380031,-0.02170240697343684,-0.2937246009061427,0.010961912615185039,0.023477531089064776,1.2580226900746403e-06,0.9068475802973975,1.176668382194591,0.0006565488409009015,0.001121616106372693
