Model,Test MSE,Test R2,Test Adjusted R2,Test MAE,Test RMSE,Train MSE,Train R2,Train Adjusted R2,Train MAE,Train RMSE
LinearRegression,0.0019336596105112335,-2.5842607283913352,-5.644603995324076,0.015900724451095197,0.04397339662240379,2.2259603545785624e-26,1.0,1.0,9.119693991581335e-14,1.4919652658753696e-13
Lasso,0.000578169837539744,-0.07170436397862767,-0.9867558858907737,0.008486346443969171,0.024045162456089664,1.2368229693341422e-05,0.006556268136376442,6.309785463409023,0.002674159646733378,0.003516849398729127
DecisionTree,0.0005047227247824503,0.06443831616976559,-0.7343707317409682,0.006989737882591011,0.022466034914564927,0.0,1.0,1.0,0.0,0.0
RandomForest,0.0005332030881271916,0.011646683499792476,-0.8322373547184823,0.00707494021650491,0.023091190703971757,7.160500162183683e-07,0.9424852692785977,1.3074063193730125,0.00030220379540192935,0.0008461973860857574
