min,1st_quantile,mean,median,3rd_quantile,max
16.815,25.8,30.160355805243448,30.03,33.735,53.13
18.2,23.5,25.482771535580525,26.1,28.2,32.1
