min,1st_quantile,mean,median,3rd_quantile,max
18,25.0,37.835205992509366,37.0,50.0,64
17,25.5,33.77902621722846,34.0,42.5,51
