min,1st_quantile,mean,median,3rd_quantile,max
1135.9407,4732.628225,13396.39949940075,9447.3824,16909.822724999998,62592.87309
1019.281,4419.491,11589.066483146067,7019.491,8819.411,108119.411
