Model,Test MSE,Test R2,Test Adjusted R2,Test MAE,Test RMSE,Train MSE,Train R2,Train Adjusted R2,Train MAE,Train RMSE
LinearRegression,236328960.5981174,-0.6275537774516968,-0.6491311949557912,12186.091669602778,15372.994522802557,342090579.15451676,0.22120671392595448,0.1779404202551742,10662.07332465347,18495.690826636262
Lasso,236035620.31857178,-0.6255335972806126,-0.647084232093045,12177.232783007088,15363.450794615504,342090640.9372112,0.22120657327330107,0.17794027178848448,10659.612521646117,18495.692496827774
DecisionTree,593777791.2581583,-3.0892376655120746,-3.143451043653333,12890.581988103642,24367.55611993452,1123.5955056179776,0.9999974420557322,0.9999972999477172,3.745318352060184,33.52007615769955
RandomForest,369950178.1772165,-1.54777835284083,-1.581555717367129,13714.52752368774,19234.088961456335,21956740.894006673,0.9500139336354066,0.9472369299484849,1366.264861441334,4685.802054505362
