Model,Test MSE,Test R2,Test Adjusted R2,Test MAE,Test RMSE,Train MSE,Train R2,Train Adjusted R2,Train MAE,Train RMSE
LinearRegression,74241637.54129604,0.488711593709355,0.4809500998757209,6523.334378701249,8616.358717073937,219482091.54133588,0.25948144859808353,0.23656404662046138,9004.170053297685,14814.927996495153
Lasso,74216939.3916941,0.48888168529093257,0.4811227734926925,6521.990471629713,8614.925385149549,219482323.93024856,0.25948066453274243,0.236563238290042,9003.324922158969,14814.93583955896
DecisionTree,82084432.949532,0.43469971441978417,0.42611830591002753,4133.027624219421,9060.045968400602,784.3351125430712,0.9999973537034512,0.9999972718064594,2.7856067415730923,28.005983513225726
RandomForest,32669118.732528757,0.7750138304481303,0.771598480625711,3365.5008957502378,5715.690573546539,10096532.877233814,0.9659349432660983,0.9648807055335211,1167.5228403830463,3177.5041899632192
