Model,Test MSE,Test R2,Test Adjusted R2,Test MAE,Test RMSE,Train MSE,Train R2,Train Adjusted R2,Train MAE,Train RMSE
LinearRegression,37855955.9276107,0.7392930434209402,0.7353354425620551,4286.182433076304,6152.719392887238,35841011.93596573,0.7640315520853885,0.7489295714188534,4190.225427296803,5986.736334261409
Lasso,37846790.306879394,0.7393561653532085,0.7353995227020238,4285.733769186005,6151.974504732557,35841156.817076854,0.764030598223623,0.7489285565099348,4190.5091883648565,5986.7484344238865
DecisionTree,39739106.08086706,0.7263241371231923,0.7221696648214571,3122.060926721755,6303.896103273519,0.0,1.0,1.0,0.0,0.0
RandomForest,23153287.631152716,0.8405475966672176,0.8381270668253538,2741.5496005418304,4811.786324344912,3416071.135108999,0.9775094239761494,0.976070027110623,1061.3472722168551,1848.2616522313606
