min,1st_quantile,mean,median,3rd_quantile,max
16.815,25.8,30.160355805243448,30.03,33.735,53.13
20.62,25.98,31.634269662921344,31.67,37.38,43.58
