min,1st_quantile,mean,median,3rd_quantile,max
1135.9407,4732.628225,13396.39949940075,9447.3824,16909.822724999998,62592.87309
2614.8192,14563.24045,23033.40204644195,22882.8193,31968.5841,50373.8191
