Model,Test MSE,Test R2,Test Adjusted R2,Test MAE,Test RMSE,Train MSE,Train R2,Train Adjusted R2,Train MAE,Train RMSE
LinearRegression,257302128.05404073,-0.7719920969518712,-0.793785755665565,13680.011422181702,16040.63988917028,16104905.975736422,0.8869283696292647,0.8811183649066577,3108.572123430812,4013.091822490039
Lasso,257370026.45762885,-0.772459700680856,-0.7942591104337897,13682.778380185,16042.756198908866,16104970.622314647,0.8869279157493098,0.881117887704808,3108.57032185684,4013.0998769423427
DecisionTree,237898728.4749046,-0.6383644780578404,-0.6585146561228847,12469.673809067583,15423.966042328562,6286874.536515071,0.9558602108667378,0.9535921584606808,1929.5865888353844,2507.364061422886
RandomForest,225750686.70448065,-0.5547031645139766,-0.5738243954871853,12630.16375016449,15025.002053393559,7004784.421043104,0.950819806332545,0.9482927608081304,2077.598164886411,2646.655327208872
