Model,Test MSE,Test R2,Test Adjusted R2,Test MAE,Test RMSE,Train MSE,Train R2,Train Adjusted R2,Train MAE,Train RMSE
LinearRegression,37855955.9276107,0.7392930434209402,0.7353354425620551,4286.182433076304,6152.719392887238,35841011.93596573,0.7640315520853885,0.7489295714188534,4190.225427296803,5986.736334261409
Lasso,37846790.306879394,0.7393561653532085,0.7353995227020238,4285.733769186005,6151.974504732557,35841156.817076854,0.764030598223623,0.7489285565099348,4190.5091883648565,5986.7484344238865
DecisionTree,40764375.781115636,0.7192632946038365,0.7150016368369119,3219.2083997376285,6384.698566190547,0.0,1.0,1.0,0.0,0.0
RandomForest,23989611.12275126,0.8347879916891485,0.8322800295136518,2785.889964114939,4897.919060453251,3424650.016924411,0.9774529427185765,0.9760099310525654,1076.3628789277157,1850.5809944242947
