Model,Test MSE,Test R2,Test Adjusted R2,Test MAE,Test RMSE,Train MSE,Train R2,Train Adjusted R2,Train MAE,Train RMSE
LinearRegression,102516556.56886886,0.29398746360697947,0.28327000574902095,8469.130709564644,10125.046003296422,72700376.00255114,0.5732994049901345,0.5600939707151678,6746.547336515831,8526.451548126637
Lasso,102489816.9158903,0.29417161464417296,0.2834569522478795,8468.614105643639,10123.72544648907,72700629.02221465,0.5732979199408554,0.5600924397069167,6746.710242499291,8526.466385450343
DecisionTree,72225980.65261783,0.5025930493503058,0.4950422797009746,4651.922530043528,8498.586979764214,3143437.268257535,0.9815502116152108,0.9809792317038827,964.7932944176922,1772.9741307355657
RandomForest,44144715.06737774,0.6959835240649224,0.6913684731968377,4760.306332825732,6644.148934767924,7617668.432373366,0.955289589526091,0.9539059017744806,1987.009895502365,2760.012397141246
