min,1st_quantile,mean,median,3rd_quantile,max
1135.9407,4732.628225,13396.39949940075,9447.3824,16909.822724999998,62592.87309
2468.31564,6838.858685,11848.832555205994,10751.31792,15356.1917,31351.2006
