min,1st_quantile,mean,median,3rd_quantile,max
18,25.0,37.835205992509366,37.0,50.0,64
19,43.5,51.12734082397004,51.0,60.0,68
