min,1st_quantile,mean,median,3rd_quantile,max
16.815,25.8,30.160355805243448,30.03,33.735,53.13
23.1,29.5,35.32734082397004,33.2,38.2,67.3
