Model,Test MSE,Test R2,Test Adjusted R2,Test MAE,Test RMSE,Train MSE,Train R2,Train Adjusted R2,Train MAE,Train RMSE
LinearRegression,37855955.9276107,0.7392930434209402,0.7353354425620551,4286.182433076304,6152.719392887238,35841011.93596573,0.7640315520853885,0.7489295714188534,4190.225427296803,5986.736334261409
Lasso,37846790.306879394,0.7393561653532085,0.7353995227020238,4285.733769186005,6151.974504732557,35841156.817076854,0.764030598223623,0.7489285565099348,4190.5091883648565,5986.7484344238865
DecisionTree,40453737.824824385,0.7214026006706941,0.7171734181381808,3168.6524152745096,6360.3252923749415,0.0,1.0,1.0,0.0,0.0
RandomForest,24050828.130037505,0.8343664014989287,0.831852039472347,2840.929489809057,4904.164366131859,3253425.085638636,0.9785802457465149,0.9772093814742919,1068.8705706206001,1803.725335420733
