Model,Test MSE,Test R2,Test Adjusted R2,Test MAE,Test RMSE,Train MSE,Train R2,Train Adjusted R2,Train MAE,Train RMSE
LinearRegression,76643395.71822838,0.4721711300120638,0.4641585475454537,5842.191585147455,8754.621392055078,46357952.81210334,0.5118632505375063,0.4967565039390538,4457.351510999141,6808.667476981332
Lasso,76622244.84336635,0.4723167921695539,0.4643064208931904,5839.544204008583,8753.413325290105,46358211.73277647,0.5118605241725982,0.49675369319921625,4456.748267231525,6808.686491003714
DecisionTree,76411602.49361286,0.4737674470159381,0.4657790970655159,4818.587478934641,8741.37303251685,0.0,1.0,1.0,0.0,0.0
RandomForest,47369329.52046227,0.6737762016078672,0.668824037685406,3937.89078054239,6882.538014458203,5038450.45614038,0.9469464745788762,0.9453045859778355,1094.6922303138588,2244.649294687342
