Model,Test MSE,Test R2,Test Adjusted R2,Test MAE,Test RMSE,Train MSE,Train R2,Train Adjusted R2,Train MAE,Train RMSE
LinearRegression,123970836.76376086,0.14623580978795214,0.1349169663571106,7430.945046719374,11134.2191806952,2822290.793777568,0.9234153275028982,0.9191606234752815,1290.2584826844584,1679.9674978336836
Lasso,124361959.76578459,0.14354221811903056,0.13218766419257832,7439.19586587751,11151.769355836974,2822611.6648464417,0.9234066204604567,0.9191514327082599,1290.44229243686,1680.0629943089757
DecisionTree,129610344.81239352,0.10739756243861542,0.09556381800124858,7400.392648084968,11384.653917111118,0.0,1.0,1.0,0.0,0.0
RandomForest,126371659.65424696,0.1297017872351771,0.11816374274776464,7335.567155179473,11241.515007072978,172096.34166281397,0.9953300552893931,0.9950706139165816,270.0654863766558,414.84496099484437
