min,1st_quantile,mean,median,3rd_quantile,max
18,25.0,37.835205992509366,37.0,50.0,64
17,50.0,63.09885931558935,65.0,77.0,100
