min,1st_quantile,mean,median,3rd_quantile,max
16.815,25.8,30.160355805243448,30.03,33.735,53.13
20.456,25.678,26.731365019011406,26.789,27.89,31.012
