min,1st_quantile,mean,median,3rd_quantile,max
1135.9407,4732.628225,13396.39949940075,9447.3824,16909.822724999998,62592.87309
4211.369,58123.2825,125198.58967680609,122123.456,188123.823,256123.456
