Model,Test MSE,Test R2,Test Adjusted R2,Test MAE,Test RMSE,Train MSE,Train R2,Train Adjusted R2,Train MAE,Train RMSE
LinearRegression,2273178994.683854,-14.654962685309712,-14.89260917768633,39270.96062620247,47677.866926739225,2216236739.5604343,0.6190445621545573,0.6071629110716585,38540.92768993096,47076.92364163608
Lasso,2272884057.296407,-14.652931506152338,-14.890547164689757,39268.69263571884,47674.77380435493,2216236977.4049296,0.6190445212707689,0.6071628689127422,38540.1574549039,47076.92616776216
DecisionTree,511712223.2110184,-2.524067299020369,-2.5775635768043594,7210.222210027077,22621.057075455567,272641.5094339622,0.9999531348507372,0.9999516731696686,32.0754716981132,522.1508493088584
RandomForest,340133152.757268,-1.3424340216518367,-1.3779927923789992,9098.501541185342,18442.69917222715,26312173.717281457,0.9954771232331793,0.9953360588505884,2829.766819320972,5129.539327978825
