Model,Test MSE,Test R2,Test Adjusted R2,Test MAE,Test RMSE,Train MSE,Train R2,Train Adjusted R2,Train MAE,Train RMSE
LinearRegression,18955698411.834553,-129.5443838805688,-131.14994394721725,110083.4416021291,137679.69498744016,705127291.5573622,0.8662605844481698,0.8592782053229738,21871.861978573128,26554.233025213933
Lasso,20024564252.417976,-136.9054649432868,-138.6015586464682,114190.09842854411,141508.17733409605,705127366.7214907,0.866260570192011,0.8592781903225175,21871.387767739692,26554.234440508557
DecisionTree,4337015497.181146,-28.868222402531703,-29.235570454786114,38391.46201932866,65856.0209637748,549429.6577946766,0.999895791295841,0.9998903506807645,64.63878326996196,741.2352243348104
RandomForest,3201332329.5321474,-21.046982784596533,-21.318137728967162,37409.67947949675,56580.31750999766,19996037.252311315,0.9962074105377906,0.9960094038590407,2619.8892629530346,4471.6928843908
