Model,Test MSE,Test R2,Test Adjusted R2,Test MAE,Test RMSE,Train MSE,Train R2,Train Adjusted R2,Train MAE,Train RMSE
LinearRegression,37855955.9276107,0.7392930434209402,0.7353354425620551,4286.182433076304,6152.719392887238,35841011.93596573,0.7640315520853885,0.7489295714188534,4190.225427296803,5986.736334261409
Lasso,37846790.306879394,0.7393561653532085,0.7353995227020238,4285.733769186005,6151.974504732557,35841156.817076854,0.764030598223623,0.7489285565099348,4190.5091883648565,5986.7484344238865
DecisionTree,41096779.1355914,0.7169740942711924,0.7126776858350815,3213.534802295985,6410.676963908835,0.0,1.0,1.0,0.0,0.0
RandomForest,24357893.258468784,0.8322517008357634,0.8297052370913347,2813.8070996015877,4935.371643399186,3377799.83849611,0.9777613928233895,0.9763381219640864,1080.295698542323,1837.8791686332675
