min,1st_quantile,mean,median,3rd_quantile,max
1135.9407,4732.628225,13396.39949940075,9447.3824,16909.822724999998,62592.87309
2191.51199,32806.340015,71454.57324569287,54392.89992,98892.89992,199392.89992
