min,1st_quantile,mean,median,3rd_quantile,max
16.815,25.8,30.160355805243448,30.03,33.735,53.13
19.1,29.6,40.94719101123596,36.4,43.95,103.5
