Model,Test MSE,Test R2,Test Adjusted R2,Test MAE,Test RMSE,Train MSE,Train R2,Train Adjusted R2,Train MAE,Train RMSE
LinearRegression,360478998.0738312,-1.4825520897743947,-1.5154647121767066,15063.350695191151,18986.2844725826,251336989.07926324,0.905639981779374,0.9003977585448948,13357.25646543387,15853.611231491179
Lasso,360492014.1926548,-1.4826417293738134,-1.5155555401799057,15063.782744483478,18986.627246371452,251337078.08774942,0.9056399483627153,0.900397723271755,13357.400990049522,15853.614038690024
DecisionTree,366619751.9219721,-1.524842324101361,-1.5583156124890682,11802.494576404297,19147.317094621172,0.0,1.0,1.0,0.0,0.0
RandomForest,390116633.5235407,-1.6866609954659775,-1.7222796071482915,12674.637721237066,19751.370421404707,22776539.602749806,0.991448951864222,0.9909738936344565,3571.1379376202317,4772.477302486604
