Model,Test MSE,Test R2,Test Adjusted R2,Test MAE,Test RMSE,Train MSE,Train R2,Train Adjusted R2,Train MAE,Train RMSE
LinearRegression,253031412.81470132,-0.7425804721445866,-0.7690333066363451,12853.883263219734,15906.96114330771,262009402.91606277,0.8835736528230707,0.8799705163533784,13238.954645278802,16186.70451067983
Lasso,252992271.06839305,-0.7423109101878174,-0.7687596526574616,12853.292558958046,15905.730761847852,262009634.22865468,0.8835735500371407,0.8799704103864525,13239.434535062412,16186.711655819865
DecisionTree,125901472.73600891,0.1329398774504006,0.11977767445154519,5851.809699672268,11220.58254887013,0.0,1.0,1.0,0.0,0.0
RandomForest,82897219.9290505,0.4291022010408444,0.42043582079098996,5207.631663695331,9104.791042580302,19780103.51742496,0.9912105246083359,0.9909385098960214,2911.2057458127397,4447.482829356956
