Model,Test MSE,Test R2,Test Adjusted R2,Test MAE,Test RMSE,Train MSE,Train R2,Train Adjusted R2,Train MAE,Train RMSE
LinearRegression,37855955.9276107,0.7392930434209402,0.7353354425620551,4286.182433076304,6152.719392887238,35841011.93596573,0.7640315520853885,0.7489295714188534,4190.225427296803,5986.736334261409
Lasso,37846790.306879394,0.7393561653532085,0.7353995227020238,4285.733769186005,6151.974504732557,35841156.817076854,0.764030598223623,0.7489285565099348,4190.5091883648565,5986.7484344238865
DecisionTree,42699153.19259564,0.7059388409413954,0.7014749144281718,3303.5710305499533,6534.458905877031,0.0,1.0,1.0,0.0,0.0
RandomForest,23705161.312556278,0.8367469448445578,0.8342687200983652,2811.8672773669477,4868.794646784384,3593475.0737805185,0.9763414398763408,0.9748272920284267,1092.7571383041197,1895.646347233713
