min,1st_quantile,mean,median,3rd_quantile,max
18,25.0,37.835205992509366,37.0,50.0,64
16,30.0,42.36704119850187,44.0,53.0,71
