min,1st_quantile,mean,median,3rd_quantile,max
16.815,25.8,30.160355805243448,30.03,33.735,53.13
20.8,27.549999999999997,31.616479400749064,31.6,35.150000000000006,44.5
