min,1st_quantile,mean,median,3rd_quantile,max
1135.9407,4732.628225,13396.39949940075,9447.3824,16909.822724999998,62592.87309
2291.45,6608.82,11182.34756554307,10954.21,14995.474999999999,20809.37
