Model,Test MSE,Test R2,Test Adjusted R2,Test MAE,Test RMSE,Train MSE,Train R2,Train Adjusted R2,Train MAE,Train RMSE
LinearRegression,38483649.36268455,0.7349702349985169,0.7309470127594052,4611.53347019074,6203.51911117267,19126542.86822845,0.7819543796548396,0.7752063527195929,2756.847825588233,4373.39031738861
Lasso,38476959.2035157,0.7350163088855235,0.7309937860602562,4610.86029999291,6202.979864832361,19126780.7894294,0.7819516673154372,0.7752035564393192,2756.2287532161376,4373.41751830641
DecisionTree,45542650.29751513,0.6863562030684408,0.6815950069100869,3731.314813519141,6748.52949149036,0.0,1.0,1.0,0.0,0.0
RandomForest,25219290.876452506,0.8263194149936512,0.8236828975742,3127.467568596546,5021.881208914893,1846551.6732174763,0.9789490182381615,0.9782975371778339,714.8934064058051,1358.878829483143
