Model,Test MSE,Test R2,Test Adjusted R2,Test MAE,Test RMSE,Train MSE,Train R2,Train Adjusted R2,Train MAE,Train RMSE
LinearRegression,136087595.27928206,0.0627899382261422,0.05215995642908522,7575.541363619594,11665.658801768637,444515.84134560014,0.9789290465957918,0.9779335684822072,414.17428349168716,666.720212192191
Lasso,136156204.48508036,0.062317439333994695,0.051682098381261254,7572.176381619538,11668.599079798756,444561.10887773114,0.9789269008228598,0.977931321334176,413.59581316579727,666.7541592504175
DecisionTree,145819608.0934165,-0.004232631406311915,-0.015622793577272143,7271.391301418301,12075.578996197926,0.0,1.0,1.0,0.0,0.0
RandomForest,143461913.26235345,0.012004376189639898,0.0007983766757226896,7303.209097590103,11977.558735500046,43524.35895031345,0.9979368570159076,0.9978393856938245,106.73301685393132,208.62492408701664
