Model,Test MSE,Test R2,Test Adjusted R2,Test MAE,Test RMSE,Train MSE,Train R2,Train Adjusted R2,Train MAE,Train RMSE
LinearRegression,37855955.9276107,0.7392930434209402,0.7353354425620551,4286.182433076304,6152.719392887238,35841011.93596573,0.7640315520853885,0.7489295714188534,4190.225427296803,5986.736334261409
Lasso,37846790.306879394,0.7393561653532085,0.7353995227020238,4285.733769186005,6151.974504732557,35841156.817076854,0.764030598223623,0.7489285565099348,4190.5091883648565,5986.7484344238865
DecisionTree,40969179.08632588,0.7178528521756808,0.7135697835180062,3236.817817618114,6400.717075947497,0.0,1.0,1.0,0.0,0.0
RandomForest,23715337.025112282,0.8366768665969876,0.8341975780443802,2786.7411786410835,4869.839527655124,3604659.428463259,0.9762678048232868,0.9747489443319771,1094.5476881880159,1898.5940662667358
