min,1st_quantile,mean,median,3rd_quantile,max
1135.9407,4732.628225,13396.39949940075,9447.3824,16909.822724999998,62592.87309
1031.53,6358.892925,17091.828981947565,16610.23914,25934.44426,45680.79
