min,1st_quantile,mean,median,3rd_quantile,max
16.815,25.8,30.160355805243448,30.03,33.735,53.13
18.8,25.741500000000002,29.78607490636704,28.964,33.4,43.4
