min,1st_quantile,mean,median,3rd_quantile,max
18,25.0,37.835205992509366,37.0,50.0,64
17,34.5,45.38576779026217,46.0,57.0,69
