Model,Test MSE,Test R2,Test Adjusted R2,Test MAE,Test RMSE,Train MSE,Train R2,Train Adjusted R2,Train MAE,Train RMSE
LinearRegression,49347846.67390596,0.6601505204442447,0.6549915150619942,5024.531935349119,7024.802251587297,35380272.02499156,0.749748946721843,0.7420042332741631,4207.732556563074,5948.131809651796
Lasso,49329086.988179706,0.6602797149250663,0.6551226707493557,5022.638780168248,7023.466878129327,35380509.86871562,0.749747264410231,0.7420024988987488,4207.14467659032,5948.151802763244
DecisionTree,52688656.953902274,0.6371429788496967,0.6316347128739805,3943.715699634921,7258.695265259609,0.0,1.0,1.0,0.0,0.0
RandomForest,32318642.56613467,0.7774274948889074,0.7740487851339003,3295.049166029972,5684.948774275338,3735583.2870796537,0.9735775448097282,0.9727598285949423,1169.8160231498123,1932.7657093087237
