Model,Test MSE,Test R2,Test Adjusted R2,Test MAE,Test RMSE,Train MSE,Train R2,Train Adjusted R2,Train MAE,Train RMSE
LinearRegression,37855955.9276107,0.7392930434209402,0.7353354425620551,4286.182433076304,6152.719392887238,35841011.93596573,0.7640315520853885,0.7489295714188534,4190.225427296803,5986.736334261409
Lasso,37846790.306879394,0.7393561653532085,0.7353995227020238,4285.733769186005,6151.974504732557,35841156.817076854,0.764030598223623,0.7489285565099348,4190.5091883648565,5986.7484344238865
DecisionTree,42650163.30272107,0.7062762252387769,0.7018174203088152,3326.412870643324,6530.709249593115,0.0,1.0,1.0,0.0,0.0
RandomForest,23673697.05869833,0.8369636333328903,0.8344886979755148,2767.850415342111,4865.562357908727,3365387.538887942,0.9778431123652044,0.9764250715565774,1050.3237324794018,1834.499261075878
