Model,Test MSE,Test R2,Test Adjusted R2,Test MAE,Test RMSE,Train MSE,Train R2,Train Adjusted R2,Train MAE,Train RMSE
LinearRegression,64859148.97133878,0.5533270546130196,0.5474052542006922,5950.228755574313,8053.5178010195505,16929107.01880305,0.8635202080915885,0.8559379974300101,3217.915883524046,4114.499607340247
Lasso,64842617.355809174,0.5534409047870925,0.547520613752073,5949.116926084665,8052.491375705358,16929156.700866915,0.863519807562622,0.8559375746494344,3217.9366250224325,4114.505644772761
DecisionTree,54380891.94059864,0.6254888699416601,0.6205237602628564,4795.279019280111,7374.340102042937,0.0,1.0,1.0,0.0,0.0
RandomForest,48082708.7409469,0.6688632910525261,0.6644732210475406,4446.09728214239,6934.169650430173,1292188.8337634755,0.9895825773360324,0.9890038316324786,756.7001611509346,1136.7448410982456
