min,1st_quantile,mean,median,3rd_quantile,max
-780.0,4.0,68.10917943343496,15.4,50.0,113889.0
0.0,22.49,63.83956,54.25,88.7025,241.1
