min,1st_quantile,mean,median,3rd_quantile,max
-1372.0,46.0,2435.5336001016262,1246.0,3538.0,21955.0
-302.9,25.09250025,1281.71002668,52.489999999999995,75.3625,110362.2
