Model,Test MSE,Test R2,Test Adjusted R2,Test MAE,Test RMSE,Train MSE,Train R2,Train Adjusted R2,Train MAE,Train RMSE
LinearRegression,958516.3923190539,-0.00013206084539896246,-0.017533108155304955,88.51108132717424,979.038504002296,7.908144728604032e-13,0.9999999999999997,1.0,4.2736688456762597e-07,8.892775004802513e-07
Lasso,958507.042469564,-0.00012230505581212192,-0.01752318262717778,87.73766767319178,979.0337289744231,2291.0943485403354,0.0975508022351328,1.2713887080234927,38.49790708481545,47.865377346682806
DecisionTree,960988.8888635442,-0.002711905159267669,-0.020157838534439865,73.87511065593294,980.300407458624,0.0,1.0,1.0,0.0,0.0
RandomForest,959223.4748684024,-0.0008698426224604816,-0.01828372641277709,83.72978565871163,979.3995481254841,282.99103398092024,0.8885314209109553,1.0335213480593866,13.172800400000005,16.82233735189377
