Model,Test MSE,Test R2,Test Adjusted R2,Test MAE,Test RMSE,Train MSE,Train R2,Train Adjusted R2,Train MAE,Train RMSE
LinearRegression,960322.6764754043,-0.0020167679930693794,-0.04336847350728368,86.75521800609907,979.9605484280498,1182759.652139261,0.09006678832401327,-0.07820714635356407,86.59178776451922,1087.5475401743415
Lasso,958570.2035567737,-0.0001882083922835065,-0.04146445203745297,78.91426352373327,979.0659852924999,1194164.5163913025,0.08129267708440624,-0.08860385384819525,86.44019535978208,1092.7783473290924
DecisionTree,959317.4966122468,-0.0009679464850431696,-0.04227636873342555,73.67475692766283,979.4475466364938,1182759.6521392604,0.0900667883240136,-0.07820714635356363,86.59178772881904,1087.5475401743413
RandomForest,959284.4585566937,-0.0009334740244244522,-0.042240473646873555,72.1040652827069,979.4306808328467,1183952.4650643347,0.08914912082167847,-0.07929451809282773,86.1587234460105,1088.095797742246
