Model,Test MSE,Test R2,Test Adjusted R2,Test MAE,Test RMSE,Train MSE,Train R2,Train Adjusted R2,Train MAE,Train RMSE
LinearRegression,6.763370232157117e+19,-70570138004442.78,-72216797491855.95,5391593796.841079,8223971201.406968,1201541.164055729,0.09003851278446784,-0.0012947293796130577,87.98274639139088,1096.148331228821
Lasso,958573.1272212379,-0.00019125899276284386,-0.023529380079396534,78.96984434556036,979.0674783799316,1212777.0802837526,0.08152923208153284,-0.010658090399135345,87.12403350347898,1101.261585765958
DecisionTree,959414.8790751656,-0.001069556978207098,-0.024428171969931523,72.37915038242882,979.4972583295809,1201540.7695830364,0.09003881152991966,-0.00129440064894637,87.96678435815116,1096.1481512929886
RandomForest,959388.9824475384,-0.001042536003119654,-0.024400520496644207,71.32294161708418,979.4840388937118,1203610.0824595718,0.08847166170686205,-0.0030188460018782948,86.79083108985918,1097.0916472471986
