min,1st_quantile,mean,median,3rd_quantile,max
1135.9407,4732.628225,13396.39949940075,9447.3824,16909.822724999998,62592.87309
1121.8739,3120.02665,14048.973191640001,8757.4626,21542.7148,59602.54563
