min,1st_quantile,mean,median,3rd_quantile,max
1135.9407,4732.628225,13396.39949940075,9447.3824,16909.822724999998,62592.87309
865.2148,5340.13745,13502.222827799998,10283.836555,15665.7858825,72518.05092
