min,1st_quantile,mean,median,3rd_quantile,max
16.815,25.8,30.160355805243448,30.03,33.735,53.13
18.899,23.76775,28.531184,27.855,32.253750000000004,44.211
