min,1st_quantile,mean,median,3rd_quantile,max
16.815,25.8,30.160355805243448,30.03,33.735,53.13
16.241,24.057499999999997,29.475056000000002,29.206,34.15825,48.55
