Model,Test MSE,Test R2,Test Adjusted R2,Test MAE,Test RMSE,Train MSE,Train R2,Train Adjusted R2,Train MAE,Train RMSE
LinearRegression,84924430.08816479,0.4151411801663625,0.40682565192228237,7015.358713396224,9215.44519207644,43902770.71335002,0.7070286881580685,0.6882484758605087,4497.55103069504,6625.916594204157
Lasso,83225230.7433139,0.4268432513190319,0.4186941032335205,6926.043371758926,9122.786347564755,43903090.508766845,0.7070265541040837,0.6882462050081917,4499.093120310934,6625.94072632459
DecisionTree,128942393.16124605,0.11199762173828309,0.09937199550707387,8061.0581161335185,11355.280408745793,0.0,1.0,1.0,0.0,0.0
RandomForest,61692658.853373505,0.5751340855402265,0.5690933379412724,6152.179036583662,7854.467445560743,8185117.243285311,0.9453791982286867,0.9418778647818076,1963.0967538415994,2860.964390425947
