Model,Test MSE,Test R2,Test Adjusted R2,Test MAE,Test RMSE,Train MSE,Train R2,Train Adjusted R2,Train MAE,Train RMSE
LinearRegression,74212910.95660089,0.48890942837725004,0.47768203282106736,6569.135196334603,8614.691576406023,69676492.47481829,0.6265077206474121,0.5884974444301133,6027.573453983896,8347.24460374909
Lasso,74138865.93441619,0.489419362729998,0.47820316917010297,6566.281135379147,8610.392902441572,69677230.14953913,0.6265037664326817,0.5884930877952997,6027.074185428705,8347.288790352179
DecisionTree,180906012.41156137,-0.24586619904300333,-0.27323479749380475,9467.138019971055,13450.1305722867,0.0,1.0,1.0,0.0,0.0
RandomForest,82273207.91803463,0.4333996561776746,0.42095284824270474,6455.567468215874,9070.457977303828,11699253.094025586,0.937287590841493,0.9309053545112025,2228.3237964079995,3420.4170935758093
