Model,Test MSE,Test R2,Test Adjusted R2,Test MAE,Test RMSE,Train MSE,Train R2,Train Adjusted R2,Train MAE,Train RMSE
LinearRegression,37855955.9276107,0.7392930434209402,0.7353354425620551,4286.182433076304,6152.719392887238,35841011.93596573,0.7640315520853885,0.7489295714188534,4190.225427296803,5986.736334261409
Lasso,37846790.306879394,0.7393561653532085,0.7353995227020238,4285.733769186005,6151.974504732557,35841156.817076854,0.764030598223623,0.7489285565099348,4190.5091883648565,5986.7484344238865
DecisionTree,42950543.34413734,0.7042075635316343,0.6997173557674086,3370.5717762082163,6553.666404703351,0.0,1.0,1.0,0.0,0.0
RandomForest,24278659.341441043,0.8327973701461789,0.830259189806842,2887.5072668488333,4927.33795689326,3391708.5987727954,0.9776698209508996,0.9762406894917571,1114.5452288415743,1841.659197238402
