Model,Test MSE,Test R2,Test Adjusted R2,Test MAE,Test RMSE,Train MSE,Train R2,Train Adjusted R2,Train MAE,Train RMSE
LinearRegression,52762971.45293042,0.636631188659842,0.6286488747526562,5557.003350184368,7263.812459922849,61953253.84794019,0.6328868783378496,0.6157598970026985,5782.624444786778,7871.038930658404
Lasso,52724593.56306693,0.636895490078762,0.6289189822199382,5556.395032378287,7261.170261264153,61954406.02116497,0.6328800509658721,0.615752751112353,5782.104813810632,7871.112120988048
DecisionTree,101117709.9174342,0.3036210613931166,0.28832333876851457,6007.420920493931,10055.73020309486,0.0,1.0,1.0,0.0,0.0
RandomForest,45189257.710334815,0.6887899523589767,0.6819534374633286,4366.004619677592,6722.295568504468,8984556.204125233,0.9467606901981127,0.9442769090106007,2005.0162443996135,2997.424928855639
