Model,Test MSE,Test R2,Test Adjusted R2,Test MAE,Test RMSE,Train MSE,Train R2,Train Adjusted R2,Train MAE,Train RMSE
LinearRegression,37855955.9276107,0.7392930434209402,0.7353354425620551,4286.182433076304,6152.719392887238,35841011.93596573,0.7640315520853885,0.7489295714188534,4190.225427296803,5986.736334261409
Lasso,37846790.306879394,0.7393561653532085,0.7353995227020238,4285.733769186005,6151.974504732557,35841156.817076854,0.764030598223623,0.7489285565099348,4190.5091883648565,5986.7484344238865
DecisionTree,40037964.51690685,0.7242659544304371,0.72008023836866,3167.4629585891694,6327.555967109801,0.0,1.0,1.0,0.0,0.0
RandomForest,23585949.031953648,0.8375679377398948,0.8351021758839539,2806.827748903642,4856.5367322767825,3419225.6982079796,0.9774886551050125,0.9760479290317333,1073.6830782820232,1849.114841811611
