Model,Test MSE,Test R2,Test Adjusted R2,Test MAE,Test RMSE,Train MSE,Train R2,Train Adjusted R2,Train MAE,Train RMSE
LinearRegression,41532243.29428162,0.7139751332694287,0.7096331998086232,4916.026294010268,6444.551442442027,44999580.21677009,0.7018068739953282,0.6922646939631787,4766.177789278474,6708.172643631803
Lasso,41513810.329976775,0.7141020776803382,0.7097620712694135,4915.703392145966,6443.121163688976,44999795.45314706,0.7018054477151769,0.6922632220420626,4766.505836379132,6708.1886864597855
DecisionTree,67735035.72512531,0.5335213552277116,0.5264400854778477,4947.288327113913,8230.129751414937,0.0,1.0,1.0,0.0,0.0
RandomForest,31132589.05717412,0.7855956257175756,0.7823409103584495,3860.8465709141005,5579.658507218352,6517817.568262019,0.9568091883069633,0.9554270823327861,1726.5989295309482,2553.0016780766164
