min,1st_quantile,mean,median,3rd_quantile,max
18,25.0,37.835205992509366,37.0,50.0,64
5,262.0,600.876404494382,533.0,954.0,1330
