min,1st_quantile,mean,median,3rd_quantile,max
16.815,25.8,30.160355805243448,30.03,33.735,53.13
19.649,29.789,32.4328052434457,33.044,35.316,41.277
