min,1st_quantile,mean,median,3rd_quantile,max
1135.9407,4732.628225,13396.39949940075,9447.3824,16909.822724999998,62592.87309
1830.8154,8731.08255,10916.260939138578,11552.5424,12402.718675,43316.2396
