Model,Test MSE,Test R2,Test Adjusted R2,Test MAE,Test RMSE,Train MSE,Train R2,Train Adjusted R2,Train MAE,Train RMSE
LinearRegression,148819513.88425416,-0.024892426928282863,-0.03848001592165029,9117.681083434014,12199.160376200247,6872091.283625568,0.7211694965626292,0.7056789130383307,1885.207998441088,2621.4673912954872
Lasso,147990361.71845663,-0.019182209542691897,-0.032694094896477566,9056.218709367877,12165.128923215596,6872214.356714319,0.7211645029544421,0.7056736420074667,1884.4495095109937,2621.4908652738654
DecisionTree,177547748.51431766,-0.22273845761933053,-0.23894900535292019,9471.392864370682,13324.704443788525,0.0,1.0,1.0,0.0,0.0
RandomForest,170868313.0396635,-0.17673842270822693,-0.19233912149413146,9369.09702806909,13071.660684077731,896980.4012796574,0.963605620685191,0.9615837107232571,502.7277178895135,947.090492656144
