Model,Test MSE,Test R2,Test Adjusted R2,Test MAE,Test RMSE,Train MSE,Train R2,Train Adjusted R2,Train MAE,Train RMSE
LinearRegression,37855955.9276107,0.7392930434209402,0.7353354425620551,4286.182433076304,6152.719392887238,35841011.93596573,0.7640315520853885,0.7489295714188534,4190.225427296803,5986.736334261409
Lasso,37846790.306879394,0.7393561653532085,0.7353995227020238,4285.733769186005,6151.974504732557,35841156.817076854,0.764030598223623,0.7489285565099348,4190.5091883648565,5986.7484344238865
DecisionTree,40805154.28043238,0.7189824606322666,0.7147165397310487,3188.9943001764705,6387.891223278022,0.0,1.0,1.0,0.0,0.0
RandomForest,23610723.92793204,0.8373973176202381,0.8349289657055547,2821.5255253317464,4859.086738053977,3505706.568299883,0.9769192862287555,0.9754421205473958,1101.4687704228472,1872.3532167568926
