Model,Test MSE,Test R2,Test Adjusted R2,Test MAE,Test RMSE,Train MSE,Train R2,Train Adjusted R2,Train MAE,Train RMSE
LinearRegression,54883098.57658054,0.6220302658612079,0.616292584887564,5792.873285352673,7408.3128022904475,35760654.87792786,0.6017981006833119,0.5894746376483659,4092.5104865562407,5980.021310825561
Lasso,54869856.112828486,0.6221214642562243,0.616385167698444,5791.839806475175,7407.418991310569,35760862.03615984,0.6017957939358063,0.5894722595121562,4093.0382975825196,5980.038631661157
DecisionTree,50956345.28927464,0.6490730884154171,0.6437459246721977,3689.2981114929976,7138.371333103556,0.0,1.0,1.0,0.0,0.0
RandomForest,23858207.561980966,0.8356929436728624,0.8331987189088831,2811.2280661894497,4884.486417422098,3419529.071092195,0.9619228737413871,0.9607444713813527,911.7038074762178,1849.19687191283
