min,1st_quantile,mean,median,3rd_quantile,max
1135.9407,4732.628225,13396.39949940075,9447.3824,16909.822724999998,62592.87309
1159.57,5192.7125,12406.01945172,10415.505000000001,16373.491965000001,56217.35
