min,1st_quantile,mean,median,3rd_quantile,max
16.815,25.8,30.160355805243448,30.03,33.735,53.13
20.35,26.3325,30.41572,29.76,34.575,41.67
