min,1st_quantile,mean,median,3rd_quantile,max
16.815,25.8,30.160355805243448,30.03,33.735,53.13
17.11,26.0225,31.240731999999998,30.3885,36.1,47.36
