min,1st_quantile,mean,median,3rd_quantile,max
1135.9407,4732.628225,13396.39949940075,9447.3824,16909.822724999998,62592.87309
598.354,4797.316,10218.784671999998,9408.442,14429.161,58466.76
