Model,Test MSE,Test R2,Test Adjusted R2,Test MAE,Test RMSE,Train MSE,Train R2,Train Adjusted R2,Train MAE,Train RMSE
LinearRegression,54317238.289190106,0.6259272408486211,0.6169781317780139,4790.870182175072,7370.022950384219,55758671.98317896,0.4610516316689204,0.4336102687192728,5034.223283975396,7467.172957899057
Lasso,54319564.77086065,0.6259112188002801,0.616961726427081,4789.517756495755,7370.18078278007,55759537.82763176,0.46104326264866813,0.4336014735778264,5034.282859494052,7467.230934398089
DecisionTree,87920536.17803386,0.3945075524811602,0.38002208722951336,5325.30185861718,9376.59512712551,0.0,1.0,1.0,0.0,0.0
RandomForest,42425130.26976642,0.7078259860548437,0.7008361771087874,3883.124543984688,6513.457627847626,7840710.776102245,0.9242137925987366,0.9203550244011163,1749.1546868148941,2800.1269214273566
