Model,Test MSE,Test R2,Test Adjusted R2,Test MAE,Test RMSE,Train MSE,Train R2,Train Adjusted R2,Train MAE,Train RMSE
LinearRegression,37855955.9276107,0.7392930434209402,0.7353354425620551,4286.182433076304,6152.719392887238,35841011.93596573,0.7640315520853885,0.7489295714188534,4190.225427296803,5986.736334261409
Lasso,37846790.306879394,0.7393561653532085,0.7353995227020238,4285.733769186005,6151.974504732557,35841156.817076854,0.764030598223623,0.7489285565099348,4190.5091883648565,5986.7484344238865
DecisionTree,41599524.59845774,0.7135117793897917,0.709162812094001,3305.0771605219416,6449.769344593475,0.0,1.0,1.0,0.0,0.0
RandomForest,23944065.686994135,0.8351016546690245,0.8325984539808883,2823.605818192344,4893.267383558162,3675917.2436856604,0.9757986608133504,0.9742497751054049,1101.3033765921357,1917.2681720838273
