Model,Test MSE,Test R2,Test Adjusted R2,Test MAE,Test RMSE,Train MSE,Train R2,Train Adjusted R2,Train MAE,Train RMSE
LinearRegression,95163328.00074556,0.34462778674903505,0.3308699731120873,7526.147802216423,9755.169296365162,23121830.23211005,0.7399729618780384,0.7147721035578483,3618.271289732531,4808.516427351585
Lasso,95242032.36493176,0.3440857643709525,0.33031657240164036,7534.230132188978,9759.202445124896,23122248.898265872,0.7399682535777279,0.7147669389464945,3618.284858010127,4808.559960972294
DecisionTree,132325276.46374398,0.08870033103076991,0.06956999446843881,8104.42952406069,11503.272424129753,0.0,1.0,1.0,0.0,0.0
RandomForest,108453802.09892097,0.25309875337172827,0.23741952872876837,7578.147940901121,10414.115521681184,2992670.946221238,0.966344560339394,0.9630827996674409,1198.9573456052,1729.9337982192376
