Model,Test MSE,Test R2,Test Adjusted R2,Test MAE,Test RMSE,Train MSE,Train R2,Train Adjusted R2,Train MAE,Train RMSE
LinearRegression,47475051.169041365,0.673048116196465,0.6655463521321392,5173.20227674878,6890.2141598822145,41258449.75287032,0.6609409430616129,0.6444014768694964,4597.800525599693,6423.274068017829
Lasso,47441585.42699038,0.673278588563256,0.6657821125838278,5171.079218731146,6887.7852338026905,41259344.15915453,0.6609335928932701,0.6443937681563565,4598.394905519007,6423.343689944866
DecisionTree,74424980.14912523,0.4874489471289908,0.4756886935258319,5071.60966489169,8626.99137295994,0.0,1.0,1.0,0.0,0.0
RandomForest,38326017.50691131,0.7360558163917628,0.7299997356971186,4065.1642315888885,6190.801039196083,5812550.116124691,0.9522328693253134,0.9499027653899628,1585.0592254067706,2410.9230838259214
