Model,Test MSE,Test R2,Test Adjusted R2,Test MAE,Test RMSE,Train MSE,Train R2,Train Adjusted R2,Train MAE,Train RMSE
LinearRegression,132923503.34696266,0.08458045329301167,0.06357656312000237,7327.318171220087,11529.24556712028,28392709.80794289,0.38966195155734673,0.32455922639013035,2988.1646788511516,5328.481003808017
Lasso,132836929.1900909,0.08517667347563229,0.0641864633068131,7324.8859519045345,11525.490409960476,28393100.70213147,0.3896535487807954,0.3245499273174136,2989.548768942194,5328.517683383576
DecisionTree,181112407.72328866,-0.24728760532516159,-0.27590605898462983,9172.026038691874,13457.800998799494,0.0,1.0,1.0,0.0,0.0
RandomForest,118184154.10574566,0.1860876214115923,0.1674127676007684,7001.161343481794,10871.253566435918,6461826.043557726,0.861094685097735,0.8462781181748268,1282.0782785199997,2542.012203660267
