Model,Test MSE,Test R2,Test Adjusted R2,Test MAE,Test RMSE,Train MSE,Train R2,Train Adjusted R2,Train MAE,Train RMSE
LinearRegression,37855955.9276107,0.7392930434209402,0.7353354425620551,4286.182433076304,6152.719392887238,35841011.93596573,0.7640315520853885,0.7489295714188534,4190.225427296803,5986.736334261409
Lasso,37846790.306879394,0.7393561653532085,0.7353995227020238,4285.733769186005,6151.974504732557,35841156.817076854,0.764030598223623,0.7489285565099348,4190.5091883648565,5986.7484344238865
DecisionTree,40262960.42693369,0.722716449273098,0.7185072113113993,3205.8879682810457,6345.310112747343,0.0,1.0,1.0,0.0,0.0
RandomForest,23867578.41761685,0.835628408325821,0.8331332038981294,2838.8889188227827,4885.445570018855,3450452.048428123,0.9772830684600636,0.9758291848415077,1089.2377197453197,1857.5392454610812
