min,1st_quantile,mean,median,3rd_quantile,max
-780.0,4.0,68.10917943343496,15.4,50.0,113889.0
-108.2,4.88,30.776825,11.95,37.825,255.9
