min,1st_quantile,mean,median,3rd_quantile,max
-1372.0,46.0,2435.5336001016262,1246.0,3538.0,21955.0
-194.4,47.3875,607.615325,97.96,169.21,15452.0
