Model,Test MSE,Test R2,Test Adjusted R2,Test MAE,Test RMSE,Train MSE,Train R2,Train Adjusted R2,Train MAE,Train RMSE
LinearRegression,959184.5449887944,-0.0008292225339228132,-0.015061160749519242,81.22004910008037,979.3796735632175,9.797090122571782e-13,0.9999999999999997,1.0,6.746131754803431e-07,9.89802511745236e-07
Lasso,959171.3644296217,-0.0008154697176807613,-0.015047212366214646,77.55129169884516,979.3729445056268,2646.344699872847,0.18955149499291968,1.2357883808427033,34.08498538710745,51.44263504013813
DecisionTree,960340.0270020592,-0.002034871823237694,-0.01628395454841547,84.90458895822415,979.9694010539611,0.0,1.0,1.0,0.0,0.0
RandomForest,959381.9284781071,-0.0010351757732465217,-0.01527004267408838,83.33134014512773,979.4804380272774,355.4999739857751,0.8911274020876151,1.0316749224920536,10.524889950000006,18.854706945104585
