Model,Test MSE,Test R2,Test Adjusted R2,Test MAE,Test RMSE,Train MSE,Train R2,Train Adjusted R2,Train MAE,Train RMSE
LinearRegression,960807.5081652881,-0.002522649500211527,-0.04064332910656354,85.98738109021238,980.2078902790408,1186468.7579224368,0.0900794429220001,-0.06386502211018996,86.86333750655072,1089.2514667983867
Lasso,958564.1261394782,-0.00018186711326828586,-0.03821353903939961,79.1258480046123,979.0628816064258,1197844.494548402,0.08135522111779847,-0.07406524711931195,86.48750885414084,1094.4608236699942
DecisionTree,959201.5607791537,-0.0008469770946328836,-0.0389039396658335,74.68328953436779,979.388360549151,1186468.7579224366,0.09007944292200021,-0.06386502211018996,86.86333748963447,1089.2514667983864
RandomForest,959376.6176746058,-0.0010296343919067308,-0.039093542462354414,71.76577113319767,979.4777269926079,1186961.0160480754,0.08970192283567979,-0.06430641274792892,87.65761571765877,1089.4774050195238
