Model,Test MSE,Test R2,Test Adjusted R2,Test MAE,Test RMSE,Train MSE,Train R2,Train Adjusted R2,Train MAE,Train RMSE
LinearRegression,6.763370232157117e+19,-70570138004442.78,-72216797491855.95,5391593796.841079,8223971201.406968,1201541.164055729,0.09003851278446784,-0.0012947293796130577,87.98274639139088,1096.148331228821
Lasso,958573.1272212379,-0.00019125899276284386,-0.023529380079396534,78.96984434556036,979.0674783799316,1212777.0802837526,0.08152923208153284,-0.010658090399135345,87.12403350347898,1101.261585765958
DecisionTree,959400.7128227453,-0.0010547756731182911,-0.02441304576292036,72.4394458507478,979.4900269133655,1201540.7695830364,0.09003881152991966,-0.00129440064894637,87.96678435815116,1096.1481512929886
RandomForest,959366.8710177233,-0.0010194645668391011,-0.02437691071935255,71.90740321088369,979.4727515442803,1202774.4481540201,0.0891045114653185,-0.0023224768296281617,87.99482745241627,1096.7107404206545
