min,1st_quantile,mean,median,3rd_quantile,max
1135.9407,4732.628225,13396.39949940075,9447.3824,16909.822724999998,62592.87309
4321.12,21205.205,25612.021872659177,25192.15,28410.56,50410.56
