min,1st_quantile,mean,median,3rd_quantile,max
16.815,25.8,30.160355805243448,30.03,33.735,53.13
24.1,29.85,34.27640449438202,33.3,37.5,52.1
