min,1st_quantile,mean,median,3rd_quantile,max
18,25.0,37.835205992509366,37.0,50.0,64
20,34.5,47.0936329588015,46.0,57.0,69
