Model,Test MSE,Test R2,Test Adjusted R2,Test MAE,Test RMSE,Train MSE,Train R2,Train Adjusted R2,Train MAE,Train RMSE
LinearRegression,140982654.71362066,0.029078570592463326,0.01620650618743913,9744.32378987368,11873.611696262458,3821485.81649181,0.9059367005421244,0.9007109616833535,1374.7364886273397,1954.862096540779
Lasso,140305675.78306895,0.033740799093304186,0.020930544535828988,9732.004525878134,11845.069682491065,3821743.582837218,0.9059303557971476,0.9007042644525447,1372.4918900566731,1954.9280249761673
DecisionTree,184414932.93149474,-0.2700314847216678,-0.28686902334487185,11664.918655313726,13579.945984115502,0.0,1.0,1.0,0.0,0.0
RandomForest,174401489.1437085,-0.2010707521019115,-0.21699403858811106,11747.84410945004,13206.115596332955,457526.1626995467,0.9887383016663063,0.9881126517588789,298.10176029962054,676.4068026709568
