Model,Test MSE,Test R2,Test Adjusted R2,Test MAE,Test RMSE,Train MSE,Train R2,Train Adjusted R2,Train MAE,Train RMSE
LinearRegression,37855955.9276107,0.7392930434209402,0.7353354425620551,4286.182433076304,6152.719392887238,35841011.93596573,0.7640315520853885,0.7489295714188534,4190.225427296803,5986.736334261409
Lasso,37846790.306879394,0.7393561653532085,0.7353995227020238,4285.733769186005,6151.974504732557,35841156.817076854,0.764030598223623,0.7489285565099348,4190.5091883648565,5986.7484344238865
DecisionTree,38946404.36789859,0.7317833269917087,0.7277117266424367,3096.25734304295,6240.705438321744,0.0,1.0,1.0,0.0,0.0
RandomForest,23858807.017107226,0.8356888153364423,0.8331945279032195,2787.216266166013,4884.547780205167,3627161.2106828857,0.9761196585980864,0.9745913167483639,1092.907961256555,1904.5107536275257
