Model,Test MSE,Test R2,Test Adjusted R2,Test MAE,Test RMSE,Train MSE,Train R2,Train Adjusted R2,Train MAE,Train RMSE
LinearRegression,50171546.09366685,0.6544778551106195,0.6492327371616347,4871.357241902367,7083.187565896223,33534855.642120477,0.7489215012487096,0.7411511802041821,3959.909409019502,5790.92873744104
Lasso,50165840.852594614,0.654517146049127,0.6492726245470265,4871.13110324134,7082.784823259465,33535093.56759902,0.748919719879122,0.7411493437051684,3960.4587069767463,5790.949280351108
DecisionTree,53585130.6549761,0.6309691305203338,0.6253671438868663,4011.83626705789,7320.186517772351,0.0,1.0,1.0,0.0,0.0
RandomForest,32945022.789597496,0.7731137303116088,0.7696695364643467,3498.7335591731094,5739.775499930071,3474366.273999072,0.9739871053122374,0.9731820640839894,979.7363980189097,1863.9652019281561
