min,1st_quantile,mean,median,3rd_quantile,max
18,25.0,37.835205992509366,37.0,50.0,64
17,34.0,45.142322097378276,45.0,55.5,69
