min,1st_quantile,mean,median,3rd_quantile,max
16.815,25.8,30.160355805243448,30.03,33.735,53.13
20.664,28.424,31.52039700374532,31.355,34.8875,39.517
