min,1st_quantile,mean,median,3rd_quantile,max
1135.9407,4732.628225,13396.39949940075,9447.3824,16909.822724999998,62592.87309
1376.104,5999.9845000000005,10285.125040074909,10172.5,13822.8925,23423.43
