Model,Test MSE,Test R2,Test Adjusted R2,Test MAE,Test RMSE,Train MSE,Train R2,Train Adjusted R2,Train MAE,Train RMSE
LinearRegression,63389020.967273064,0.5634515538715913,0.5568246324882379,5164.462730076591,7961.722236254733,46474526.95708727,0.48602633371404247,0.470119992010802,4457.131958267509,6817.222818500747
Lasso,63374650.01750792,0.5635505239407552,0.5569251049493436,5161.676242152341,7960.819682514352,46474771.50435693,0.48602362920331377,0.47011720380148203,4456.132650138044,6817.24075446635
DecisionTree,86122575.46420075,0.40688977488887024,0.39788620410919473,5121.605722043884,9280.224968404631,0.0,1.0,1.0,0.0,0.0
RandomForest,52216851.49360421,0.640392215664292,0.6349332739665963,4075.7024507064425,7226.122853481264,6365475.700443724,0.9296025780653522,0.927423934446485,1439.6880706928841,2522.9894372437875
