Model,Test MSE,Test R2,Test Adjusted R2,Test MAE,Test RMSE,Train MSE,Train R2,Train Adjusted R2,Train MAE,Train RMSE
LinearRegression,136830153.01822206,0.057676080618809134,0.04518314986943728,7419.214304614576,11697.442157079558,4017759.1046408624,0.8333915952467831,0.8241355727604933,1580.5964619231193,2004.4348591662595
Lasso,136641540.64694163,0.05897501908396674,0.046499309109701126,7413.629245850575,11689.377256592485,4017925.3694606093,0.8333847005784709,0.8241282950550526,1581.4089886669947,2004.4763329759244
DecisionTree,147600066.62577954,-0.016494319532090795,-0.029970569980432904,7455.743733957984,12149.07678080024,0.0,1.0,1.0,0.0,0.0
RandomForest,139553229.93766046,0.038922754258354675,0.02618119986405254,7160.05697735565,11813.264999044948,675817.566064358,0.9719752021826981,0.9704182689706258,591.4173252988763,822.0812405500797
