Model,Test MSE,Test R2,Test Adjusted R2,Test MAE,Test RMSE,Train MSE,Train R2,Train Adjusted R2,Train MAE,Train RMSE
LinearRegression,37855955.9276107,0.7392930434209402,0.7353354425620551,4286.182433076304,6152.719392887238,35841011.93596573,0.7640315520853885,0.7489295714188534,4190.225427296803,5986.736334261409
Lasso,37846790.306879394,0.7393561653532085,0.7353995227020238,4285.733769186005,6151.974504732557,35841156.817076854,0.764030598223623,0.7489285565099348,4190.5091883648565,5986.7484344238865
DecisionTree,41984178.23580381,0.7108627410371129,0.7064735606353992,3297.0834197749764,6479.519907817539,0.0,1.0,1.0,0.0,0.0
RandomForest,24110642.578737076,0.8339544704699055,0.8314338552208718,2798.886906402055,4910.258911578602,3526568.5213219416,0.9767819362375254,0.975295980156727,1069.8920688835224,1877.9160048633544
