min,1st_quantile,mean,median,3rd_quantile,max
1135.9407,4732.628225,13396.39949940075,9447.3824,16909.822724999998,62592.87309
1079.18,20115.39,38725.108239700385,36110.28,50110.28,105110.28
