min,1st_quantile,mean,median,3rd_quantile,max
16.815,25.8,30.160355805243448,30.03,33.735,53.13
21.9,25.6,28.38651685393258,28.3,31.65,33.9
