min,1st_quantile,mean,median,3rd_quantile,max
18,25.0,37.835205992509366,37.0,50.0,64
18,26.0,38.9625468164794,38.0,52.0,65
