Model,Test MSE,Test R2,Test Adjusted R2,Test MAE,Test RMSE,Train MSE,Train R2,Train Adjusted R2,Train MAE,Train RMSE
LinearRegression,37855955.9276107,0.7392930434209402,0.7353354425620551,4286.182433076304,6152.719392887238,35841011.93596573,0.7640315520853885,0.7489295714188534,4190.225427296803,5986.736334261409
Lasso,37846790.306879394,0.7393561653532085,0.7353995227020238,4285.733769186005,6151.974504732557,35841156.817076854,0.764030598223623,0.7489285565099348,4190.5091883648565,5986.7484344238865
DecisionTree,40259836.78802626,0.7227379611956755,0.7185290497906762,3195.2453768618116,6345.063970365173,0.0,1.0,1.0,0.0,0.0
RandomForest,24391384.78975066,0.832021050863316,0.8294710857910323,2850.2002969066302,4938.763487934066,3282268.650381214,0.9783903467777919,0.9770073289715706,1076.6324125018737,1811.7032456727602
