Model,Test MSE,Test R2,Test Adjusted R2,Test MAE,Test RMSE,Train MSE,Train R2,Train Adjusted R2,Train MAE,Train RMSE
LinearRegression,71048610.10294245,0.5107013822466837,0.5032736992447359,6470.956115841185,8429.0337585599,249687187.75611806,0.5454571587242862,0.531390068858887,10981.970472066108,15801.493212861817
Lasso,71000666.00689147,0.5110315643557101,0.5036088936058917,6468.321849022317,8426.189293321831,249687393.50986046,0.5454567841600504,0.5313896827027211,10981.268535293133,15801.49972343956
DecisionTree,83996270.7785326,0.4215332414128794,0.4127519623451432,4195.328914966386,9164.947941943401,52668.5393258427,0.9999041195997033,0.9999011523145876,14.044943820224718,229.49627301078922
RandomForest,53536036.88057768,0.6313072302511888,0.6257103760614535,3953.9090675404295,7316.832434911824,23411629.614899162,0.9573803175898433,0.9560613332212504,3008.7809354070046,4838.556563160047
