Model,Test MSE,Test R2,Test Adjusted R2,Test MAE,Test RMSE,Train MSE,Train R2,Train Adjusted R2,Train MAE,Train RMSE
LinearRegression,4268251703.4678082,-28.394658892046973,-28.784360809176384,51777.35242251035,65331.85825818678,300787034.7700297,0.5194858854101034,0.4927906568217758,12801.694763451353,17343.212931000697
Lasso,4277058703.135856,-28.4553110674785,-28.84581708541856,51827.10934442815,65399.22555455726,300787107.7745942,0.5194857687836547,0.49279053371607995,12801.53567598053,17343.215035701836
DecisionTree,1331284664.546666,-8.168310896653185,-8.289860472934572,23282.84974728385,36486.77383034387,105337.0786516854,0.9998317216261648,0.9998223728276184,28.089887640449437,324.5567418059366
RandomForest,1322385161.4956949,-8.107021667557468,-8.227758697240997,28846.455482596637,36364.614139238365,38306190.92533839,0.9388049906144607,0.9354052678708196,4292.068380898864,6189.199538335986
