min,1st_quantile,mean,median,3rd_quantile,max
16.815,25.8,30.160355805243448,30.03,33.735,53.13
18.19,24.445,26.56494382022472,26.34,28.58,36.3
