min,1st_quantile,mean,median,3rd_quantile,max
18,25.0,37.835205992509366,37.0,50.0,64
10,34.0,50.232209737827716,49.0,64.0,100
