Model,Test MSE,Test R2,Test Adjusted R2,Test MAE,Test RMSE,Train MSE,Train R2,Train Adjusted R2,Train MAE,Train RMSE
LinearRegression,37855955.9276107,0.7392930434209402,0.7353354425620551,4286.182433076304,6152.719392887238,35841011.93596573,0.7640315520853885,0.7489295714188534,4190.225427296803,5986.736334261409
Lasso,37846790.306879394,0.7393561653532085,0.7353995227020238,4285.733769186005,6151.974504732557,35841156.817076854,0.764030598223623,0.7489285565099348,4190.5091883648565,5986.7484344238865
DecisionTree,39847229.0015496,0.7255795145955909,0.7214137387260743,3136.0563868431373,6312.466158447869,0.0,1.0,1.0,0.0,0.0
RandomForest,24416960.373972833,0.8318449165520324,0.8292922777141126,2870.83311255733,4941.352079539854,3332933.7963352907,0.9780567798607777,0.9766524137718674,1108.8432433011249,1825.6324373584325
