Model,Test MSE,Test R2,Test Adjusted R2,Test MAE,Test RMSE,Train MSE,Train R2,Train Adjusted R2,Train MAE,Train RMSE
LinearRegression,39430120.479978904,0.7284520637244474,0.7248519963874609,4194.314564546938,6279.340767945223,5837905.104623163,0.9254296338514276,0.9212868357320625,1738.6716977593599,2416.1757189043938
Lasso,39429518.84290227,0.7284562070875555,0.7248561946815193,4194.082029984656,6279.292861692491,5837998.173223373,0.9254284450414915,0.9212855808771299,1738.831219324151,2416.194978312672
DecisionTree,43372828.34600532,0.7012993649417874,0.6973393186436672,4196.976516923436,6585.805064379398,0.0,1.0,1.0,0.0,0.0
RandomForest,38279624.47541286,0.7363753166065128,0.7328802923948567,3640.1338233508027,6187.052971763928,726156.7434156173,0.9907244511057784,0.9902091428338773,600.5128384059591,852.1483106922276
