Model,Test MSE,Test R2,Test Adjusted R2,Test MAE,Test RMSE,Train MSE,Train R2,Train Adjusted R2,Train MAE,Train RMSE
LinearRegression,38664245.40404635,0.733726503512679,0.7296844010992092,4306.643812093313,6218.0580090608955,21686150.091821246,0.8161658027233627,0.8104765432331766,3048.5713788551584,4656.839066558049
Lasso,38653159.86823485,0.7338028475444871,0.7297619040537013,4305.711152683095,6217.166546605845,21686327.02278163,0.8161643028738763,0.8104749969666849,3048.3076091313856,4656.858063413746
DecisionTree,41463893.440951265,0.7144458460491683,0.710111058133406,3587.69825673268,6439.246341067506,0.0,1.0,1.0,0.0,0.0
RandomForest,25183464.943789832,0.826566141556017,0.8239333695113266,2789.4105885396802,5018.312957936146,2136074.5965115624,0.9818924264053297,0.981332037280543,892.1982432646382,1461.5315927175718
