min,1st_quantile,mean,median,3rd_quantile,max
1135.9407,4732.628225,13396.39949940075,9447.3824,16909.822724999998,62592.87309
1891.987,20319.548000000003,25417.683801498126,26119.109,29969.876,42191.213
