min,1st_quantile,mean,median,3rd_quantile,max
16.815,25.8,30.160355805243448,30.03,33.735,53.13
20.8,27.45,30.08239700374532,29.9,32.650000000000006,39.2
