min,1st_quantile,mean,median,3rd_quantile,max
18,25.0,37.835205992509366,37.0,50.0,64
17,36.0,45.6816479400749,46.0,56.0,70
