Model,Test MSE,Test R2,Test Adjusted R2,Test MAE,Test RMSE,Train MSE,Train R2,Train Adjusted R2,Train MAE,Train RMSE
LinearRegression,65363043.33615782,0.5498568274566766,0.543889020244928,6320.403122180194,8084.741389565767,8495340.740338147,0.8347292020337096,0.8255474910355823,1907.9548483757183,2914.676781452473
Lasso,65538004.67894018,0.5486519010962647,0.5426681194820107,6338.8447387537735,8095.554624541804,8495443.991488762,0.8347271933561798,0.8255453707648566,1908.8220809703457,2914.694493680043
DecisionTree,80747975.51842661,0.4439036492015983,0.4365311597023771,6369.803464256769,8985.987731931677,0.0,1.0,1.0,0.0,0.0
RandomForest,73451452.43292888,0.494153452188122,0.48744715325879784,6888.894876889818,8570.382280442855,1489680.5797733087,0.9710193262802286,0.9694092888513524,759.3160182022455,1220.5247149375177
