Model,Test MSE,Test R2,Test Adjusted R2,Test MAE,Test RMSE,Train MSE,Train R2,Train Adjusted R2,Train MAE,Train RMSE
LinearRegression,47000415.29537609,0.6763168455436552,0.6714032492710731,4974.9158342550545,6855.684888862388,29805858.619115267,0.7836605884174903,0.7769653648482057,3777.1739287960863,5459.47420720304
Lasso,46969859.9880901,0.6765272742853069,0.6716168723769245,4972.508793858111,6853.4560615860155,29806093.562768847,0.7836588831295326,0.7769636067853789,3777.618719113888,5459.495724219302
DecisionTree,48490923.96590234,0.6660519884101921,0.660982568879417,3717.033839681606,6963.542486831135,0.0,1.0,1.0,0.0,0.0
RandomForest,29184765.629421763,0.7990099248776275,0.795958842143322,3212.172864215404,5402.292627155786,3647880.5221520932,0.9735226441294478,0.9727032288607266,1100.6054210247196,1909.9425442018128
