Model,Test MSE,Test R2,Test Adjusted R2,Test MAE,Test RMSE,Train MSE,Train R2,Train Adjusted R2,Train MAE,Train RMSE
LinearRegression,37855955.9276107,0.7392930434209402,0.7353354425620551,4286.182433076304,6152.719392887238,35841011.93596573,0.7640315520853885,0.7489295714188534,4190.225427296803,5986.736334261409
Lasso,37846790.306879394,0.7393561653532085,0.7353995227020238,4285.733769186005,6151.974504732557,35841156.817076854,0.764030598223623,0.7489285565099348,4190.5091883648565,5986.7484344238865
DecisionTree,42667861.09526357,0.7061543438196219,0.7016936886973392,3298.769053696545,6532.064076175583,0.0,1.0,1.0,0.0,0.0
RandomForest,24232179.684033975,0.8331174669375162,0.8305841457525069,2816.768984606816,4922.619189418777,3217276.6484685214,0.9788182382069067,0.9774626054521488,1070.188446107492,1793.6768517401683
