min,1st_quantile,mean,median,3rd_quantile,max
18,27.0,39.357009345794395,39.5,51.0,64
18,35.0,43.69047619047619,45.5,53.5,71
