min,1st_quantile,mean,median,3rd_quantile,max
15.96,26.205,30.560397196261682,30.21,34.49625,53.13
25.191,29.148500000000002,33.8442380952381,34.22,37.9105,44.117
