min,1st_quantile,mean,median,3rd_quantile,max
1121.8739,4897.6673875,13346.089736364485,9575.4421,16746.6574,62592.87309
5441.451,18342.271500000003,23485.566523809524,23754.605,28493.6865,37625.349
