Model,Test MSE,Test R2,Test Adjusted R2,Test MAE,Test RMSE,Train MSE,Train R2,Train Adjusted R2,Train MAE,Train RMSE
LinearRegression,34221372.575692505,0.7795706783117524,0.7655194068097128,4400.21804678506,5849.903638154436,40469319.54581623,0.7197887498426279,0.7156943388814243,4588.914996994886,6361.55008986145
Lasso,34226876.44556613,0.7795352263642825,0.7654816949771451,4400.5577690469745,5850.374043218616,40469482.793895766,0.7197876195061417,0.7156931920286058,4588.53055248371,6361.562920689834
DecisionTree,47889139.99844978,0.6915328097158244,0.671869562526395,3220.8665659477615,6920.19797393469,235014.67912689137,0.9983727485961575,0.998348971406695,28.455567805755393,484.78312586855924
RandomForest,23643127.104312785,0.847708081881715,0.8380002305275613,2950.2878403543536,4862.419881531498,4584027.059089467,0.9682600061627309,0.9677962254308621,1264.8716311443497,2141.0341097445103
