Model,Test MSE,Test R2,Test Adjusted R2,Test MAE,Test RMSE,Train MSE,Train R2,Train Adjusted R2,Train MAE,Train RMSE
LinearRegression,137925273.9413715,0.11158517936953294,0.06242388494729367,10145.779985978317,11744.15914152101,11158740.719415333,0.7665978391330404,0.6455744964612835,2859.9108951014346,3340.4701344893556
Lasso,138520418.81526047,0.10775168670153956,0.05837826225024134,10169.959053076385,11769.469776300904,11158791.010021243,0.7665967872279567,0.6455728991239342,2859.5466013075984,3340.477661955135
DecisionTree,190944463.73553768,-0.22992607991554292,-0.2979852305828061,12280.775142802238,13818.265583478184,0.0,1.0,1.0,0.0,0.0
RandomForest,184815136.99201408,-0.19044539183115505,-0.25631984039098166,12417.92549086194,13594.67311089215,3916528.0820860225,0.9180798138033175,0.8756026802198524,1565.0391595238125,1979.0220014153513
