Model,Test MSE,Test R2,Test Adjusted R2,Test MAE,Test RMSE,Train MSE,Train R2,Train Adjusted R2,Train MAE,Train RMSE
LinearRegression,33756429.70235286,0.7825655038982293,0.7687051376128575,4214.909953083681,5810.028373627177,37063047.44038619,0.7432126559011109,0.7393108539015076,4207.624479299154,6087.942792141381
Lasso,33759238.75017125,0.7825474100446346,0.7686858903662048,4216.093475063232,5810.270109914964,37063178.449749075,0.7432117482168089,0.7393099324252315,4207.862347750954,6087.95355187185
DecisionTree,48829728.11074106,0.6854742216471603,0.6654247696406048,3519.6187410597013,6987.8271380122915,244239.55438233944,0.9983078124756305,0.998282100224548,29.572515327102803,494.20598375812835
RandomForest,21320900.916116558,0.86266618276848,0.8539118358533233,2543.329279653612,4617.456108737424,3647278.174385473,0.974730224839263,0.9743462586449878,1052.496713054542,1909.7848502869304
