min,1st_quantile,mean,median,3rd_quantile,max
0.0,0.0,0.0,0.0,0.0,0.0
0.25,0.49,17.215449999999997,0.57,41.364999999999995,84.5
