min,1st_quantile,mean,median,3rd_quantile,max
0.909090909090909,0.909090909090909,0.9090909090909087,0.909090909090909,0.909090909090909,0.909090909090909
0.01,0.2,0.38590452261306535,0.3,0.655,0.8
