min,1st_quantile,mean,median,3rd_quantile,max
0.0,0.0,0.0,0.0,0.0,0.0
0.001045,0.008115,0.017986874371859297,0.010959,0.0160195,0.15
