min,1st_quantile,mean,median,3rd_quantile,max
0.0,0.0,0.0,0.0,0.0,0.0
0.0,0.0,0.5581583065326635,0.477,1.098612,1.791759
