min,1st_quantile,mean,median,3rd_quantile,max
14.0960163431649,56.96244706420075,64.34199205691206,66.8032719128653,75.4637094285581,88.1581542102099
0.33,19.509999999999998,36.23835,44.095,51.425,68.6
