min,1st_quantile,mean,median,3rd_quantile,max
0.0,40.635000000000005,55.81925000000001,56.144999999999996,69.54249999999999,100.0
0.55,34.0,58.75984924623116,74.9,84.88,95.7
