min,1st_quantile,mean,median,3rd_quantile,max
0.909090909090909,0.909090909090909,0.9090909090909087,0.909090909090909,0.909090909090909,0.909090909090909
0.11,0.43,11.562649999999998,4.5649999999999995,11.325,73.8
