min,1st_quantile,mean,median,3rd_quantile,max
0.1,47.050000000000004,232.399,97.5,172.65,6169.8
2.35,63.2,216.98445,145.45,228.9825,1809.41
