min,1st_quantile,mean,median,3rd_quantile,max
0.0,40.635000000000005,55.81925000000001,56.144999999999996,69.54249999999999,100.0
0.67,0.78,26.985999999999994,0.84,64.0875,95.1
