min,1st_quantile,mean,median,3rd_quantile,max
0.1,47.050000000000004,232.399,97.5,172.65,6169.8
0.8,62.75,283.32964824120603,178.4,500.9,1539.3
