Model,Test MSE,Test R2,Test Adjusted R2,Test MAE,Test RMSE,Train MSE,Train R2,Train Adjusted R2,Train MAE,Train RMSE
LinearRegression,1079.8854302964646,-2001690.9823599483,-3017644.0828407523,26.413695144908637,32.86161028154988,1.8615361715027348e-18,1.0,1.0,9.354133820305143e-10,1.364381241260204e-09
Lasso,2486.1541175735756,-4608371.911089262,-6947338.539547775,38.35244484436501,49.86134893455627,68.2857885209558,0.8633850842798156,1.3883766889759528,6.049581156210275,8.263521556876087
DecisionTree,0.221942572498031,-410.3961124484158,-619.1990449929891,0.47028137856625213,0.4711078140914572,0.0,1.0,1.0,0.0,0.0
RandomForest,2.869604989042473,-5318.143251640582,-8017.859354831746,1.3954662535662516,1.6939908468000862,1.4312087984999993,0.9971366740632268,1.0081400265916838,0.43758799999999864,1.1963313915884675
