Model,Test MSE,Test R2,Test Adjusted R2,Test MAE,Test RMSE,Train MSE,Train R2,Train Adjusted R2,Train MAE,Train RMSE
LinearRegression,306809.1286168545,-568706044.6946795,-1324770058.7960608,196.99186597702118,553.9035372850173,0.012103684214427307,0.9999626445204507,1.0002614883568453,0.01510455534147291,0.11001674515466865
Lasso,262.11611213901864,-485861.3937281881,-1131789.2407837384,6.318161573394025,16.19000037489248,63.19536228916413,0.8049607853456924,2.3652745025801534,4.305401707458277,7.949551074693724
DecisionTree,0.0006099391952575342,-0.13059252641171826,-1.63365431079581,0.00839362143374792,0.02469694708374973,0.0,1.0,1.0,0.0,0.0
RandomForest,0.0010391500550609096,-0.9261842741162607,-3.4869423761483738,0.016991487013052756,0.03223585046281406,0.6056641212749999,0.9981307448793909,1.0130847858442635,0.19783224999999924,0.7782442555361394
