min,1st_quantile,mean,median,3rd_quantile,max
26,52.0,59.1375762195122,59.0,70.0,91
20,45.0,57.64233576642336,58.0,72.0,90
