min,1st_quantile,mean,median,3rd_quantile,max
10000032,10007795.0,10018952.285124492,10016810.0,10026255.0,10040025
10000082,10018979.0,10025393.824817518,10026148.0,10030071.0,10045692
