min,1st_quantile,mean,median,3rd_quantile,max
0,0.0,0.0626905487804878,0.0,0.0,1
0,0.0,0.10218978102189781,0.0,0.0,1
