min,1st_quantile,mean,median,3rd_quantile,max
-780.0,4.0,68.10917943343496,15.4,50.0,113889.0
-29.1,18.6,49.69562043795621,48.3,75.7,199.2
