Model,Test MSE,Test R2,Test Adjusted R2,Test MAE,Test RMSE,Train MSE,Train R2,Train Adjusted R2,Train MAE,Train RMSE
LinearRegression,1.6068205432588171e+19,-16765834723493.68,-17625298199145.14,2402499502.937639,4008516612.4874887,1191175.4849395477,0.09005001491117459,-0.12811349544933615,87.20759027536589,1091.4098611152217
Lasso,958590.6574699327,-0.00020955034791825256,-0.051483083142390695,78.58652405078966,979.0764308622349,1202495.978486956,0.08140218504487662,-0.13883467105061742,86.63963827173968,1096.5837763194183
DecisionTree,958918.7650946913,-0.0005519033400616102,-0.051842986104301714,73.94449947866369,979.2439762871617,1191175.4849389414,0.09005001491163778,-0.12811349544876194,87.20792474873949,1091.409861114944
RandomForest,959671.3422778463,-0.0013371549801646232,-0.05266849193484591,70.36987152468595,979.6281653147006,1194896.695587968,0.08720734763262994,-0.13163770158434196,85.66751870945626,1093.1133040943048
