Model,Test MSE,Test R2,Test Adjusted R2,Test MAE,Test RMSE,Train MSE,Train R2,Train Adjusted R2,Train MAE,Train RMSE
LinearRegression,1.1085821479660195e+18,-1156713184193.1626,-1201945005842.7825,811104987.1212239,1052892277.4747754,1201540.7749384723,0.09003880747409487,-0.07122702863496033,87.9686667024283,1096.1481537358316
Lasso,958588.8895172898,-0.00020770563651373308,-0.0393195763855656,78.58875575921742,979.075527994286,1212777.3323856012,0.08152904115759274,-0.0812449192444491,87.12695681108588,1101.2617002264271
DecisionTree,959011.9215285026,-0.0006491043236600547,-0.03977823541604186,72.18441143239745,979.29154061929,1201540.7695830364,0.09003881152991966,-0.07122702386035096,87.96678435815116,1096.1481512929886
RandomForest,959547.9853148016,-0.0012084422584435206,-0.040359445560854246,70.70335989880338,979.5652021763541,1203261.3474448188,0.08873576870723954,-0.07276099553143855,87.93177629204915,1096.9326995968433
