Model,Test MSE,Test R2,Test Adjusted R2,Test MAE,Test RMSE,Train MSE,Train R2,Train Adjusted R2,Train MAE,Train RMSE
LinearRegression,959126.0536265774,-0.0007681916667361399,-0.012244301278230063,73.66672551555288,979.3498116743463,8.253772680997593e-23,1.0,1.0,6.158568383567933e-12,9.085027617458073e-12
Lasso,958986.9519219416,-0.0006230506178825923,-0.012097495853350404,75.24219773696036,979.2787917247782,1464.2091474074757,0.04434031986812115,1.224861101207501,31.211651408571235,38.26498591934244
DecisionTree,960848.388490523,-0.002565304716390049,-0.014062022363304783,81.70680576065037,980.2287429424435,0.0,1.0,1.0,0.0,0.0
RandomForest,959481.0393899225,-0.0011385897589442084,-0.01261894683667597,73.72938612870956,979.531030335396,235.33007516788297,0.8464048221809368,1.0361400418397795,11.887211678832111,15.340471803953195
