min,1st_quantile,mean,median,3rd_quantile,max
0.0,0.0,0.0,0.0,0.0,0.0
0.0,0.0,0.9494468521979129,0.0,1.0986122886681096,4.212338781323287
