min,1st_quantile,mean,median,3rd_quantile,max
0.0,0.0,0.0,0.0,0.0,0.0
0.0,0.004686341577765675,0.009171137779119626,0.00858221432363015,0.01156625,0.0569217285211731
