min,1st_quantile,mean,median,3rd_quantile,max
0.909090909090909,0.909090909090909,0.9090909090909087,0.909090909090909,0.909090909090909,0.909090909090909
0.0004972244036457,0.8354321543215433,0.7931776837506743,0.8915432154321543,0.9090909090909088,0.909090909090909
