min,1st_quantile,mean,median,3rd_quantile,max
0.733788395904437,0.733788395904437,0.733788395904437,0.733788395904437,0.733788395904437,0.733788395904437
0.1833201652502411,0.35209785494809925,0.5361139787282396,0.5324321543215433,0.733788395904437,0.8195143032973514
