min,1st_quantile,mean,median,3rd_quantile,max
14.0960163431649,56.96244706420075,64.34199205691206,66.8032719128653,75.4637094285581,88.1581542102099
28.55,37.816053858038586,47.97019087959563,49.6976271607716,55.809660536126955,71.25137494313945
