min,1st_quantile,mean,median,3rd_quantile,max
0.0,40.635000000000005,55.81925000000001,56.144999999999996,69.54249999999999,100.0
32.210776,65.972048,72.03842424761457,73.02777937770779,81.97305975,96.554798
