min,1st_quantile,mean,median,3rd_quantile,max
0.1,47.050000000000004,232.399,97.5,172.65,6169.8
1.33219,124.041875,332.4836699,234.95,456.4205,1243.7
