min,1st_quantile,mean,median,3rd_quantile,max
0.183075671277461,2.33700600271807,3.3762976178367996,3.256633629989985,4.281520706538725,8.60311337649814
0.5166338513391076,2.4054772866627987,2.94081791113903,2.9399459204823817,3.455176555495922,5.07129173018495
