min,1st_quantile,mean,median,3rd_quantile,max
0.0,0.0,0.0,0.0,0.0,0.0
0.0,0.0,0.00018731059994443083,0.0,0.00012725,0.0022252175083439
