Model,Test MSE,Test R2,Test Adjusted R2,Test MAE,Test RMSE,Train MSE,Train R2,Train Adjusted R2,Train MAE,Train RMSE
LinearRegression,0.0008555152678525989,-0.5857960524358019,-1.0703448462356304,0.014110794243824784,0.029249192601721485,5.561940291030178e-22,1.0,1.0,1.7277347731745746e-11,2.3583766219648164e-11
Lasso,0.0005402635252702384,-0.001440649678980943,-0.30743640374755854,0.011016103675344264,0.02324356954665609,4.779752775502929e-05,0.022620564739204263,2.0995518646683955,0.004379157754145908,0.0069135756128814625
DecisionTree,0.0005731979799860772,-0.06248845354646426,-0.3871377032412173,0.011141349820364554,0.02394155341631109,0.0,1.0,1.0,0.0,0.0
RandomForest,0.0005835321923238219,-0.08164410598895544,-0.41214647170780294,0.012445766001990271,0.024156410998404168,6.815584155623331e-06,0.8606327124880504,1.1567881984509434,0.0013321115662216654,0.0026106673774388286
