Model,Test MSE,Test R2,Test Adjusted R2,Test MAE,Test RMSE,Train MSE,Train R2,Train Adjusted R2,Train MAE,Train RMSE
LinearRegression,0.0019491751486903296,-2.6130205648552556,-5.956152846552649,0.014586786819780486,0.04414946374182058,2.352840175592026e-21,0.9999999999999999,1.0000000000000004,3.138499526311849e-11,4.8506083902867545e-11
Lasso,0.0005726219206897869,-0.061420661313698055,-1.0435544780473367,0.008594602204509165,0.02392951985915695,3.0505937975807373e-05,0.1282102869413212,4.066648520053469,0.0036180074152332427,0.005523218081499894
DecisionTree,0.0005430893774842467,-0.006678692124429952,-0.9381596988130592,0.007701840090303272,0.023304278094037727,0.0,1.0,1.0,0.0,0.0
RandomForest,0.0005331274731262598,0.011786844610281566,-0.9026079786900842,0.007477986382018328,0.023089553333190745,1.7565375801221148e-06,0.9498021862443351,1.176578191916986,0.00045676972524457375,0.0013253443251178597
