min,1st_quantile,mean,median,3rd_quantile,max
10000032,10007795.0,10018952.285124492,10016810.0,10026255.0,10040025
10001,100001.5,5564205.079470199,10005350.0,10021399.5,10043813
