min,1st_quantile,mean,median,3rd_quantile,max
26,52.0,59.1375762195122,59.0,70.0,91
21,42.0,53.75496688741722,55.0,68.0,89
