min,1st_quantile,mean,median,3rd_quantile,max
-780.0,4.0,68.10917943343496,15.4,50.0,113889.0
-853.0,39.65,997.8234437086093,146.0,774.5,13646.0
