min,1st_quantile,mean,median,3rd_quantile,max
18.0,27.0,39.357009345794395,39.5,51.0,64.0
22.221,36.5875,43.320954545454555,44.866,50.113,70.471
