min,1st_quantile,mean,median,3rd_quantile,max
1121.8739,4897.6673875,13346.089736364485,9575.4421,16746.6574,62592.87309
14539.489,20535.281499999997,25094.716363636366,24668.624000000003,28524.7815,35715.219
