min,1st_quantile,mean,median,3rd_quantile,max
15.96,26.205,30.560397196261682,30.21,34.49625,53.13
22.357,27.706,30.531000000000002,30.439999999999998,33.058,40.131
