Model,Test MSE,Test R2,Test Adjusted R2,Test MAE,Test RMSE,Train MSE,Train R2,Train Adjusted R2,Train MAE,Train RMSE
LinearRegression,33989420.16740336,0.781064747899699,0.7671087158933053,4304.35155176852,5830.044611098903,39384086.86272657,0.7280893179212041,0.7240422752111941,4423.382914343007,6275.674215789612
Lasso,33990562.948960096,0.7810573869277557,0.7671008856960588,4305.450796261054,5830.142618235003,39384217.582566276,0.7280884154216514,0.72404135927909,4423.742041232204,6275.684630585437
DecisionTree,46579518.95830929,0.6999684408965525,0.680842923184779,3354.516267701493,6824.9189708237045,239318.97727939853,0.9983477238770762,0.9983231318603629,28.97673205128205,489.2023888733563
RandomForest,21740642.14411463,0.8599625134762106,0.8510358211081602,2583.7897510812195,4662.6861511487805,4105456.22177131,0.9716556231099783,0.9712337533144059,1154.8295505386604,2026.192543114131
