Model,Test MSE,Test R2,Test Adjusted R2,Test MAE,Test RMSE,Train MSE,Train R2,Train Adjusted R2,Train MAE,Train RMSE
LinearRegression,33756429.70235286,0.7825655038982293,0.7687051376128575,4214.909953083681,5810.028373627177,37063047.44038619,0.7432126559011109,0.7393108539015076,4207.624479299154,6087.942792141381
Lasso,33759238.75017125,0.7825474100446346,0.7686858903662048,4216.093475063232,5810.270109914964,37063178.449749075,0.7432117482168089,0.7393099324252315,4207.862347750954,6087.95355187185
DecisionTree,47545014.87294907,0.693749414786887,0.6742274651318678,3400.9900682985076,6895.289324818,244239.55438233944,0.9983078124756305,0.998282100224548,29.572515327102803,494.20598375812835
RandomForest,21419034.292565923,0.8620340785605652,0.8532394381500834,2551.762753409982,4628.070255794085,3547405.222076107,0.9754221838642753,0.9750487317672462,1033.3590072678248,1883.4556597053477
