Model,Test MSE,Test R2,Test Adjusted R2,Test MAE,Test RMSE,Train MSE,Train R2,Train Adjusted R2,Train MAE,Train RMSE
LinearRegression,256905857.2291582,-0.6548016512635495,-0.7394962239660148,14477.48596108474,16028.283040586668,12339212.739639439,0.6404473289284649,0.05617423843722036,2718.666006451158,3512.721557373917
Lasso,251690465.72372133,-0.6212078727165522,-0.7041830788004702,14299.333174017354,15864.755457419486,12339253.245750098,0.640446148619754,0.05617114012685431,2719.104421908577,3512.7273229999078
DecisionTree,275685267.02339435,-0.7757650215519003,-0.866650632891171,15054.117144817164,16603.772674407293,0.0,1.0,1.0,0.0,0.0
RandomForest,252972143.6463451,-0.6294635145521295,-0.7128612534858998,14991.840608623135,15905.098039507493,3611571.4716067477,0.8947623161394731,0.7237510798661169,1435.5476081818197,1900.4135001643058
