min,1st_quantile,mean,median,3rd_quantile,max
10000032,10007795.0,10018952.285124492,10016810.0,10026255.0,10040025
10740,79383.0,5887369.809045226,10005235.0,10015203.0,10094157
