min,1st_quantile,mean,median,3rd_quantile,max
-780.0,4.0,68.10917943343496,15.4,50.0,113889.0
0.26,20.575,59.46227272727272,51.15,85.775,180.0
