min,1st_quantile,mean,median,3rd_quantile,max
26,52.0,59.1375762195122,59.0,70.0,91
24,51.0,61.7035175879397,62.0,73.0,92
