min,1st_quantile,mean,median,3rd_quantile,max
-1372.0,46.0,2435.5336001016262,1246.0,3538.0,21955.0
-2544.2,15.295,121.1875376884422,69.5,291.15,2906.4
